standard_model,pro_color,数量
AirPods 3,白色,1
AirPods 3,白色 标配,2
AirPods 3,配闪电充电盒 白色,4
AirPods 4,白色,1
AirPods 4,白色 标配,102
AirPods Pro 第二代,白色,8
MacBook Pro 2022款,M2/8+10核/8G+256G/13英寸 深空灰,2
MacBook Pro 2022款,M2/8+10核/8G+256G/13英寸 银色,1
MacBook Pro 2023款,M3/8+10核/8G+1TB/14英寸 银色,1
MacBook Pro 2023款,M3/8+10核/8G+512G/14英寸 深空灰,3
MacBook Pro 2023款,M3/8+10核/8G+512G/14英寸 银色,3
OPPO A3 Pro,云锦粉 12+256G,2
OPPO A3 Pro,云锦粉 12+512G,1
OPPO A3 Pro,天青 12+256G,2
OPPO A3 Pro,天青 12+512G,1
OPPO A3 Pro,天青 8+256G,5
OPPO A3 Pro,远山蓝 12+256G,5
OPPO A3 Pro,远山蓝 12+512G,4
OPPO A3 Pro,远山蓝 8+256G,4
OPPO Find X6,标准版 云墨黑 16+512G,1
OPPO Find X6,雪山金,1
OPPO Find X7,星空黑 16+256G,3
OPPO Find X7,海阔天空,1
OPPO Find X7,海阔天空 16+512G,1
OPPO Find X7 Ultra,公开版 颜色随机 12+256G,1
OPPO Find X7 Ultra,松影墨韵 16+512G,4
OPPO Find X7 Ultra,海阔天空,1
OPPO Find X7 Ultra,海阔天空 16+512G,4
OPPO K12,凝光绿,3
OPPO K12,星夜,2
OPPO K12,星夜 12+256G,2
OPPO K12,星夜 12+512G,3
OPPO K12,钛空灰,2
OPPO K12,雪峰白,2
OPPO K12,青云,1
OPPO K12,青云 12+256G,1
OPPO Reno 12,乌木黑,4
OPPO Reno 12,乌木黑 12+256G,9
OPPO Reno 12,乌木黑 12+512G,3
OPPO Reno 12,乌木黑 16+256G,3
OPPO Reno 12,乌木黑 16+512G,5
OPPO Reno 12,千禧银,4
OPPO Reno 12,千禧银 12+256G,6
OPPO Reno 12,千禧银 12+512G,3
OPPO Reno 12,千禧银 16+256G,5
OPPO Reno 12,千禧银 16+512G,7
OPPO Reno 12,柔和桃,1
OPPO Reno 12,柔和桃 12+256G,7
OPPO Reno 12,柔和桃 12+512G,1
OPPO Reno 12,柔和桃 16+256G,3
OPPO Reno 12,柔和桃 16+512G,4
OPPO Reno 12 Pro,16+256G 香槟金,5
OPPO Reno 12 Pro,16+512G 香槟金,2
OPPO Reno 12 Pro,乌木黑 16+256G,8
OPPO Reno 12 Pro,乌木黑 16+512G,8
OPPO Reno 12 Pro,银幻紫,1
OPPO Reno 12 Pro,银幻紫 16+256G,7
OPPO Reno 12 Pro,银幻紫 16+512G,11
OPPO Reno 13,12+256G 星河蓝,2
OPPO Reno 13,午夜黑,1
OPPO Reno 13,午夜黑 12+256G,2
OPPO Reno 13,午夜黑 12+512G,1
OPPO Reno 13,心动白 12+256G,3
OPPO Reno 13,心动白 12+512G,1
OPPO Reno 13,心动白 16+512G,3
OPPO Reno 13,星河蓝,1
OPPO Reno 13,蝶蝶紫,1
OPPO Reno 13,蝶蝶紫 12+256G,1
OPPO Reno 13,蝶蝶紫 16+512G,2
OPPO Reno 13 Pro,星光粉,1
OPPO Reno 13 Pro,星光粉 12+256G,3
OPPO Reno 13 Pro,蝶蝶紫 12+256G,1
OPPO Reno 13 Pro,蝶蝶紫 12+512G,1
OPPO Reno 13 Pro,蝶蝶紫 16+1T,2
OPPO Reno 13 Pro,蝶蝶紫 16+512G,1
OPPO Watch 4 Pro,极夜黑,2
ROG 游戏手机 8,风暴灰 16+256G,1
ROG 游戏手机 9 Pro,曜石黑 24+1T,1
ROG 魔霸 7 plus,R9-7845HX/16G/1TB/RTX4070 8G独显/240Hz/2.5K 17.3英寸 黑色,1
ThinkBook 14+2024款,UItra 5 125H/16G/512G/锐炫/14.5英寸 月神灰,1
ThinkBook 14+2024款,UItra 5 125H/32G/1T/锐炫/14.5英寸 月神灰,1
ThinkBook 142022款酷睿版,i5-1240P/16G/1T/集显/14英寸 银灰色,1
ThinkBook 142024款,银灰色 R7-8845H/16G/1T/集显/14英寸,1
ThinkBook 152023款,R5-7530U/16G/512G/集显/15.6英寸 银灰色,1
ThinkBook 16+2023款,i5-13500H/16G/512G/集显/16英寸 苍岩灰,1
ThinkBook 16+2023款,i7-13700H/32G/1T/RTX3050/16英寸 苍岩灰,1
ThinkBook 162023款,R5-7530U/16G/1T/集显/16英寸 银灰色,1
iPad 2021款,WiFi版 256G 深空灰色 10.2英寸,4
iPad 2021款,WiFi版 64G 10.2英寸 银色,1
iPad 2021款,WiFi版 64G 深空灰色 10.2英寸,1
iPad 2022款,10.9 英寸 WiFi版 256G 蓝色,1
iPad 2022款,10.9 英寸 WiFi版 256G 银色,2
iPad 2022款,10.9 英寸 WiFi版 64G 蓝色,2
iPad 2022款,10.9 英寸 粉色 WiFi版 256G,2
iPad 2022款,WiFi版 256G 标准版（iPad 2022） 10.9英寸 粉色,6
iPad 2022款,WiFi版 256G 标准版（iPad 2022） 10.9英寸 蓝色,1
iPad 2022款,WiFi版 256G 标准版（iPad 2022） 10.9英寸 银色,13
iPad 2022款,WiFi版 64G 标准版（iPad 2022） 10.9英寸 粉色,12
iPad 2022款,WiFi版 64G 标准版（iPad 2022） 10.9英寸 蓝色,3
iPad 2022款,WiFi版 64G 标准版（iPad 2022） 10.9英寸 银色,11
iPad 2022款,粉色,1
iPad Pro 2024款,深空黑色,1
iPhone 11,黑色,1
iPhone 11 Pro,深空灰色,1
iPhone 12,紫色,2
iPhone 13,午夜色,1
iPhone 13,标准版 128G 红色,1
iPhone 13,标准版 午夜色 128G,2
iPhone 13,标准版 午夜色 256G,2
iPhone 13,标准版 星光色 128G,1
iPhone 13,标准版 星光色 256G,2
iPhone 13,标准版 粉色 256G,1
iPhone 13,标准版 蓝色 128G,1
iPhone 13,随机,1
iPhone 13 Pro,标准版 128G 金色,1
iPhone 13 Pro,苍岭绿色 标准版 256G,1
iPhone 13 Pro Max,石墨色,2
iPhone 13 Pro Max,远峰蓝色,2
iPhone 13 Pro Max,银色,1
iPhone 14,午夜色,1
iPhone 14,标准版 (iPhone 14) 午夜色 128G,2
iPhone 14,标准版 (iPhone 14) 午夜色 256G,1
iPhone 14,标准版 (iPhone 14) 星光色 128G,3
iPhone 14,标准版 (iPhone 14) 紫色 128G,2
iPhone 14,标准版 蓝色 128G,1
iPhone 14,随机,1
iPhone 14 Plus,标准版 (iPhone 14 Plus） 256G 红色,2
iPhone 14 Plus,标准版 (iPhone 14 Plus） 紫色 128G,1
iPhone 14 Pro,128G 金色,5
iPhone 14 Pro,128G 银色,4
iPhone 14 Pro,256G 银色,7
iPhone 14 Pro,暗紫色,7
iPhone 14 Pro,暗紫色 128G,12
iPhone 14 Pro,暗紫色 256G,17
iPhone 14 Pro,暗紫色 标准版 128G,1
iPhone 14 Pro,标准版 128G 银色,2
iPhone 14 Pro,标准版 256G 银色,2
iPhone 14 Pro,标准版 金色 256G,1
iPhone 14 Pro,深空黑色,4
iPhone 14 Pro,深空黑色 128G,9
iPhone 14 Pro,深空黑色 256G,14
iPhone 14 Pro,深空黑色 标准版 128G,2
iPhone 14 Pro,金色,1
iPhone 14 Pro,金色 256G,6
iPhone 14 Pro,银色,2
iPhone 14 Pro Max,暗紫色,11
iPhone 14 Pro Max,暗紫色 标准版 128G,1
iPhone 14 Pro Max,暗紫色 标准版 256G,4
iPhone 14 Pro Max,标准版 128G 金色,2
iPhone 14 Pro Max,标准版 128G 银色,2
iPhone 14 Pro Max,标准版 256G 银色,1
iPhone 14 Pro Max,深空黑色,6
iPhone 14 Pro Max,深空黑色 128G,1
iPhone 14 Pro Max,深空黑色 标准版 128G,1
iPhone 14 Pro Max,深空黑色 标准版 256G,3
iPhone 14 Pro Max,银色,6
iPhone 14 Pro Max,随机,1
iPhone 15,128G 黑色,18
iPhone 15,256G 绿色,9
iPhone 15,256G 蓝色,42
iPhone 15,256G 黑色,76
iPhone 15,粉色,27
iPhone 15,粉色 128G,53
iPhone 15,粉色 256G,17
iPhone 15,粉色 512G,1
iPhone 15,绿色,9
iPhone 15,绿色 128G,14
iPhone 15,绿色 256G,1
iPhone 15,蓝色,66
iPhone 15,蓝色 128G,82
iPhone 15,蓝色 256G,10
iPhone 15,蓝色/现货速发,1
iPhone 15,黄色,5
iPhone 15,黄色 128G,7
iPhone 15,黑色,56
iPhone 15,黑色 128G,107
iPhone 15,黑色 256G,5
iPhone 15,黑色 512G,5
iPhone 15,黑色/现货速发,2
iPhone 15 Plus,256G 绿色,1
iPhone 15 Plus,256G 蓝色,12
iPhone 15 Plus,256G 黑色,18
iPhone 15 Plus,粉色,7
iPhone 15 Plus,粉色 128G,5
iPhone 15 Plus,粉色 256G,4
iPhone 15 Plus,绿色,2
iPhone 15 Plus,绿色 128G,3
iPhone 15 Plus,蓝色,12
iPhone 15 Plus,蓝色 128G,10
iPhone 15 Plus,黑色,6
iPhone 15 Plus,黑色 128G,20
iPhone 15 Pro,1T 白色钛金属,2
iPhone 15 Pro,原色钛金属,145
iPhone 15 Pro,原色钛金属 128G,133
iPhone 15 Pro,原色钛金属 256G,69
iPhone 15 Pro,原色钛金属 512G,11
iPhone 15 Pro,白色钛金属,195
iPhone 15 Pro,白色钛金属 128G,97
iPhone 15 Pro,白色钛金属 256G,72
iPhone 15 Pro,白色钛金属 512G,6
iPhone 15 Pro,蓝色钛金属,18
iPhone 15 Pro,"蓝色钛金属
",1
iPhone 15 Pro,蓝色钛金属 128G,30
iPhone 15 Pro,蓝色钛金属 256G,24
iPhone 15 Pro,蓝色钛金属 512G,3
iPhone 15 Pro,随机,3
iPhone 15 Pro,黑色钛金属,108
iPhone 15 Pro,黑色钛金属 128G,40
iPhone 15 Pro,黑色钛金属 256G,41
iPhone 15 Pro,黑色钛金属 512G,5
iPhone 15 Pro Max,1T 原色钛金属,6
iPhone 15 Pro Max,1T 白色钛金属,6
iPhone 15 Pro Max,1T 蓝色钛金属,3
iPhone 15 Pro Max,1T 黑色钛金属,14
iPhone 15 Pro Max,512G 原色钛金属,3
iPhone 15 Pro Max,512G 白色钛金属,1
iPhone 15 Pro Max,512G 蓝色钛金属,2
iPhone 15 Pro Max,512G 黑色钛金属,1
iPhone 15 Pro Max,原色,1
iPhone 15 Pro Max,原色钛金属,2056
iPhone 15 Pro Max,原色钛金属 256G,631
iPhone 15 Pro Max,原色钛金属 512G,158
iPhone 15 Pro Max,白色,8
iPhone 15 Pro Max,白色钛金属,2110
iPhone 15 Pro Max,白色钛金属 256G,904
iPhone 15 Pro Max,白色钛金属 512G,242
iPhone 15 Pro Max,蓝色钛金属,157
iPhone 15 Pro Max,"蓝色钛金属
",113
iPhone 15 Pro Max,蓝色钛金属 256G,237
iPhone 15 Pro Max,蓝色钛金属 512G,63
iPhone 15 Pro Max,黑色钛金属,1293
iPhone 15 Pro Max,黑色钛金属 256G,1246
iPhone 15 Pro Max,黑色钛金属 512G,244
iPhone 16,128G 白色,3
iPhone 16,128G 黑色,2
iPhone 16,256G 白色,100
iPhone 16,256G 黑色,91
iPhone 16,深青 128G,46
iPhone 16,深青 256G,30
iPhone 16,深青 512G,1
iPhone 16,深青色,16
iPhone 16,白色,66
iPhone 16,白色 128G,124
iPhone 16,白色 256G,2
iPhone 16,白色 512G,7
iPhone 16,粉色,15
iPhone 16,粉色 128G,39
iPhone 16,粉色 256G,25
iPhone 16,粉色 512G,2
iPhone 16,群青 128G,40
iPhone 16,群青 256G,62
iPhone 16,群青 512G,7
iPhone 16,群青色,13
iPhone 16,黑色,69
iPhone 16,黑色 128G,136
iPhone 16,黑色 256G,1
iPhone 16,黑色 512G,7
iPhone 16 Plus,128G 白色,1
iPhone 16 Plus,256G 白色,23
iPhone 16 Plus,256G 黑色,11
iPhone 16 Plus,深青 128G,6
iPhone 16 Plus,深青 256G,1
iPhone 16 Plus,深青色,3
iPhone 16 Plus,白色,10
iPhone 16 Plus,白色 128G,19
iPhone 16 Plus,白色 512G,3
iPhone 16 Plus,粉色,6
iPhone 16 Plus,粉色 128G,6
iPhone 16 Plus,粉色 256G,6
iPhone 16 Plus,群青 128G,3
iPhone 16 Plus,群青 256G,4
iPhone 16 Plus,群青 512G,1
iPhone 16 Plus,群青色,2
iPhone 16 Plus,黑色,9
iPhone 16 Plus,黑色 128G,16
iPhone 16 Plus,黑色 512G,5
iPhone 16 Pro,原色钛金属,209
iPhone 16 Pro,原色钛金属 128G,26
iPhone 16 Pro,原色钛金属 1T,1
iPhone 16 Pro,原色钛金属 256G,38
iPhone 16 Pro,原色钛金属 512G,5
iPhone 16 Pro,沙漠色钛金属,157
iPhone 16 Pro,沙漠色钛金属 128G,27
iPhone 16 Pro,沙漠色钛金属 1T,2
iPhone 16 Pro,沙漠色钛金属 256G,84
iPhone 16 Pro,沙漠色钛金属 512G,20
iPhone 16 Pro,白色钛金属,343
iPhone 16 Pro,白色钛金属 128G,52
iPhone 16 Pro,白色钛金属 1T,1
iPhone 16 Pro,白色钛金属 256G,128
iPhone 16 Pro,白色钛金属 512G,28
iPhone 16 Pro,颜色随机 128G,3
iPhone 16 Pro,颜色随机 256G,1
iPhone 16 Pro,黑色钛金属,221
iPhone 16 Pro,黑色钛金属 128G,29
iPhone 16 Pro,黑色钛金属 1T,2
iPhone 16 Pro,黑色钛金属 256G,35
iPhone 16 Pro,黑色钛金属 512G,15
iPhone 16 Pro Max,iPhone 16  Pro Max  256G 白色钛金属 普通机 新机,1
iPhone 16 Pro Max,原色,19
iPhone 16 Pro Max,原色钛金属,2372
iPhone 16 Pro Max,原色钛金属 1T,41
iPhone 16 Pro Max,原色钛金属 1TB,1
iPhone 16 Pro Max,原色钛金属 256G,652
iPhone 16 Pro Max,原色钛金属 512G,243
iPhone 16 Pro Max,沙漠色,1
iPhone 16 Pro Max,沙漠色钛金属,3518
iPhone 16 Pro Max,沙漠色钛金属 1T,26
iPhone 16 Pro Max,沙漠色钛金属 1TB,6
iPhone 16 Pro Max,沙漠色钛金属 256G,391
iPhone 16 Pro Max,沙漠色钛金属 512G,144
iPhone 16 Pro Max,白色,4
iPhone 16 Pro Max,白色钛金属,3895
iPhone 16 Pro Max,白色钛金属 1T,30
iPhone 16 Pro Max,白色钛金属 1TB,2
iPhone 16 Pro Max,白色钛金属 256G,646
iPhone 16 Pro Max,白色钛金属 512G,230
iPhone 16 Pro Max,苹果 16 Pro Max 沙漠色 256G,2
iPhone 16 Pro Max,苹果16 Pro Max  沙漠色  256G,3
iPhone 16 Pro Max,苹果16 Pro Max 沙漠色 256G,8
iPhone 16 Pro Max,颜色随机 1T,11
iPhone 16 Pro Max,颜色随机 256G,133
iPhone 16 Pro Max,颜色随机 512G,35
iPhone 16 Pro Max,黑色,6
iPhone 16 Pro Max,黑色钛金属,3337
iPhone 16 Pro Max,黑色钛金属 1T,19
iPhone 16 Pro Max,黑色钛金属 256G,237
iPhone 16 Pro Max,黑色钛金属 512G,114
iPhone 16e,256G 白色,1
iPhone 16e,256G 黑色,1
iPhone 16e,白色 128G,1
realme GT6,光年白 12+256G,4
realme GT6,光年白 16+1T,3
realme GT6,光年白 16+256G,1
realme GT6,光年白 16+512G,5
realme GT6,风暴紫 12+256G,3
realme GT6,风暴紫 16+256G,1
realme GT6,风暴紫 16+512G,1
vivo Pad 3 Pro,寒星灰 12GB+256GB,3
vivo Pad 3 Pro,寒星灰 16GB+512GB,7
vivo Pad 3 Pro,寒星灰 8GB+128GB,1
vivo Pad 3 Pro,寒星灰 8GB+256GB,1
vivo Pad 3 Pro,春潮蓝 12GB+256GB,2
vivo Pad 3 Pro,春潮蓝 16GB+512GB,5
vivo Pad 3 Pro,春潮蓝 8GB+256GB,2
vivo Pad 3 Pro,薄霞紫 12GB+256GB,2
vivo Pad 3 Pro,薄霞紫 16GB+512GB,4
vivo Pad 3 Pro,薄霞紫 8GB+256GB,1
vivo S18e,星夜黑,1
vivo S19,12+256G 松烟墨,4
vivo S19,12+512G 松烟墨,3
vivo S19,8+256G 松烟墨,1
vivo S19,桃花扇,1
vivo S19,桃花扇 12+256G,2
vivo S19,桃花扇 12+512G,3
vivo S19,桃花扇 16+512G,2
vivo S19,烟雨青,1
vivo S19,烟雨青 12+256G,5
vivo S19,烟雨青 12+512G,2
vivo S19,烟雨青 16+512G,4
vivo S19 Pro,剑影灰,1
vivo S19 Pro,剑影灰 12+256G,3
vivo S19 Pro,剑影灰 12+512G,3
vivo S19 Pro,剑影灰 16+512G,1
vivo S19 Pro,千山翠,1
vivo S19 Pro,千山翠 12+256G,1
vivo S19 Pro,千山翠 12+512G,1
vivo S19 Pro,千山翠 16+512G,1
vivo S19 Pro,千山翠 8+256G,1
vivo S19 Pro,烟雨青,1
vivo S19 Pro,烟雨青 12+256G,2
vivo S19 Pro,烟雨青 12+512G,2
vivo X Fold3 Pro,薄翼黑,1
vivo X Fold3 Pro,薄翼黑 16+512G,3
vivo X Fold3 Pro,轻羽白 12+256G,1
vivo X Fold3 Pro,轻羽白 16+1T,1
vivo X Fold3 Pro,轻羽白 16+512G,2
vivo X100,白月光,2
vivo X100,辰夜黑,1
vivo X100 Pro,白月光,1
vivo X100 Ultra,16+1T 专属版  深空灰,2
vivo X100 Ultra,专属版 12+256G  深空灰,1
vivo X100 Ultra,专属版 16+512G  深空灰,3
vivo X100 Ultra,白月光,1
vivo X100 Ultra,白月光 专属版 12+256G,2
vivo X100 Ultra,钛色 16+1T 专属版,3
vivo X100 Ultra,钛色 专属版 12+256G,2
vivo X100 Ultra,钛色 专属版 16+512G,8
vivo X100s,16+1T 专属版  深空灰,2
vivo X100s,专属版 12+256G  深空灰,2
vivo X100s,专属版 16+256G  深空灰,6
vivo X100s,专属版 16+512G  深空灰,5
vivo X100s,白月光 16+1T 专属版,2
vivo X100s,白月光 专属版 12+256G,3
vivo X100s,白月光 专属版 16+256G,2
vivo X100s,白月光 专属版 16+512G,10
vivo X100s,钛色 12+256G,1
vivo X100s,钛色 16+1T 专属版,7
vivo X100s,钛色 专属版 12+256G,2
vivo X100s,钛色 专属版 16+256G,11
vivo X100s,钛色 专属版 16+512G,10
vivo X100s,青云,2
vivo X100s,青云 16+1T 专属版,2
vivo X100s,青云 专属版 12+256G,3
vivo X100s,青云 专属版 16+256G,3
vivo X100s,青云 专属版 16+512G,13
vivo X100s Pro,白月光,2
vivo X100s Pro,白月光 16+1T 专属版,2
vivo X100s Pro,白月光 专属版 12+256G,1
vivo X100s Pro,辰夜黑,1
vivo X100s Pro,辰夜黑 专属版 12+256G,2
vivo X100s Pro,辰夜黑 专属版 16+512G,6
vivo X100s Pro,钛色  钛色 专属版 专属版 16+512G 16+512G,1
vivo X100s Pro,钛色 16+1T 专属版,2
vivo X100s Pro,钛色 专属版 12+256G,4
vivo X100s Pro,钛色 专属版 16+512G,5
vivo iQOO 12 Pro,赛道版,1
vivo iQOO Neo 9,星曜白,3
vivo iQOO Neo 9,星曜白 12+512G,5
vivo iQOO Neo 9,星曜白 16+1T,2
vivo iQOO Neo 9,星曜白 16+512G,6
vivo iQOO Neo 9,格斗黑,4
vivo iQOO Neo 9,格斗黑 12+512G,3
vivo iQOO Neo 9,格斗黑 16+1T,2
vivo iQOO Neo 9,格斗黑 16+512G,2
vivo iQOO Neo 9,红白魂 16+512G,1
vivo iQOO Neo 9,航海蓝,1
vivo iQOO Neo 9 Pro,格斗黑,1
vivo iQOO Neo9S Pro+,Buff蓝 12+256G,1
vivo iQOO Neo9S Pro+,Buff蓝 12+512G,1
vivo iQOO Neo9S Pro+,星曜白 12+256G,4
vivo iQOO Neo9S Pro+,星曜白 12+512G,1
vivo iQOO Neo9S Pro+,星曜白 16+256G,1
vivo iQOO Neo9S Pro+,星曜白 16+512G,2
vivo iQOO Neo9S Pro+,格斗黑 12+512G,1
vivo iQOO Neo9S Pro+,格斗黑 16+512G,2
vivo iQOO Z9 Turbo,山野青 16+256G,3
vivo iQOO Z9 Turbo,星光白,1
vivo iQOO Z9 Turbo,星光白 12+256G,2
vivo iQOO Z9 Turbo,星光白 12+512G,1
vivo iQOO Z9 Turbo,星光白 16+256G,11
vivo iQOO Z9 Turbo,星光白 16+512G,4
vivo iQOO Z9 Turbo,星芒白 16+256G,6
vivo iQOO Z9 Turbo,星芒白 16+512G,4
vivo iQOO Z9 Turbo,曜夜黑,2
vivo iQOO Z9 Turbo,曜夜黑 12+256G,4
vivo iQOO Z9 Turbo,曜夜黑 16+256G,5
vivo iQOO Z9 Turbo,曜夜黑 16+512G,5
vivo iQOO Z9 Turbo,月影钛,1
vivo iQOO Z9 Turbo,月影钛 12+256G,1
vivo iQOO Z9 Turbo,月影钛 12+512G,1
vivo iQOO Z9 Turbo,月影钛 16+256G,11
vivo iQOO Z9 Turbo,月影钛 16+512G,4
一加 Ace 3,星辰黑,3
一加 Ace 3,星辰黑 16+512G 5G全网通,4
一加 Ace 3,星辰黑 5G全网通 12+256G,1
一加 Ace 3,月海蓝,1
一加 Ace 3,月海蓝 5G全网通 12+256G,1
一加 Ace 3 Pro,绿野素青,1
一加 Ace 3 Pro,绿野素青 12+256G,4
一加 Ace 3 Pro,绿野素青 16+256G,1
一加 Ace 3 Pro,绿野素青 16+512G,7
一加 Ace 3 Pro,绿野素青 24+1T,4
一加 Ace 3 Pro,超跑瓷典藏版 16+512G,15
一加 Ace 3 Pro,超跑瓷典藏版 24+1T,10
一加 Ace 3 Pro,钛空镜银,5
一加 Ace 3 Pro,钛空镜银 12+256G,34
一加 Ace 3 Pro,钛空镜银 16+256G,6
一加 Ace 3 Pro,钛空镜银 16+512G,18
一加 Ace 3 Pro,钛空镜银 24+1T,10
一加平板 Pro,12GB+256GB 深空灰,5
一加平板 Pro,16GB+512GB 深空灰,3
一加平板 Pro,8GB+128GB 深空灰,4
一加平板 Pro,8GB+256GB 深空灰,2
一加平板 Pro,卡其绿 12GB+256GB,1
一加平板 Pro,卡其绿 16GB+512GB,3
三星 Galaxy S24 Ultra,12+1T  钛灰,3
三星 Galaxy S24 Ultra,12+1T  钛黑,2
三星 Galaxy S24 Ultra,钛暮紫 12+256G,9
三星 Galaxy S24 Ultra,钛暮紫 12+512G,2
三星 Galaxy S24 Ultra,钛灰,2
三星 Galaxy S24 Ultra,钛灰 12+256G,11
三星 Galaxy S24 Ultra,钛灰 12+512G,4
三星 Galaxy S24 Ultra,钛羽黄,1
三星 Galaxy S24 Ultra,钛黑,1
三星 Galaxy S24 Ultra,钛黑 12+256G,25
三星 Galaxy S24 Ultra,钛黑 12+512G,3
三星 Galaxy Z Flip 4,繁樱花园,1
三星 Galaxy Z Flip 6,夏沫蓝 12+256G,2
三星 Galaxy Z Flip 6,夏沫蓝 12+512G,2
三星 Galaxy Z Flip 6,星夜银 12+256G,3
三星 Galaxy Z Flip 6,星夜银 12+512G,3
三星 Galaxy Z Flip 6,星夜银色,1
三星 Galaxy Z Flip 6,热爱黄,1
三星 Galaxy Z Flip 6,热爱黄 12+256G,1
三星 Galaxy Z Flip 6,青薄荷 12+512G,1
三星 Galaxy Z Fold 4,铂萃黑,1
三星 Galaxy Z Fold 6,冷夜蓝,1
三星 Galaxy Z Fold 6,星夜银,2
三星 Galaxy Z Fold 6,星夜银 12+512G,2
三星 Galaxy Z Fold 6,浅玫粉,1
华为 FreeBuds Pro 3,冰霜银,12
华为 FreeBuds Pro 3,星河蓝,3
华为 FreeBuds Pro 3,陶瓷白,1
华为 FreeBuds Pro 3,雅川青,9
华为 Mate 60,12+1T 公开加锁版 雅丹黑 标准版,3
华为 Mate 60,12+1T 公开加锁版 雅川青 标准版,1
华为 Mate 60,12+1T 南糯紫 标准版,2
华为 Mate 60,12+1T 白沙银 标准版,4
华为 Mate 60,12+1T 雅丹黑 标准版,5
华为 Mate 60,12+1T 雅川青 标准版,4
华为 Mate 60,12+256G 公开加锁版 南糯紫 标准版,3
华为 Mate 60,12+256G 公开加锁版 白沙银 标准版,13
华为 Mate 60,12+256G 公开加锁版 雅丹黑 标准版,10
华为 Mate 60,12+256G 公开加锁版 雅川青 标准版,10
华为 Mate 60,12+512G 公开加锁版 南糯紫 标准版,1
华为 Mate 60,12+512G 公开加锁版 白沙银 标准版,6
华为 Mate 60,12+512G 公开加锁版 雅丹黑 标准版,23
华为 Mate 60,12+512G 公开加锁版 雅川青 标准版,11
华为 Mate 60,16+1T 玄黑,1
华为 Mate 60,16+1T 瑞红,5
华为 Mate 60,Mate 60 专属版 雅丹黑 12+256G,3
华为 Mate 60,Mate 60 专属版 雅丹黑 12+512G,10
华为 Mate 60,Mate 60 南糯紫 标准版 12+256G,4
华为 Mate 60,Mate 60 南糯紫 标准版 12+512G,1
华为 Mate 60,Mate 60 白沙银 标准版 12+256G,6
华为 Mate 60,Mate 60 白沙银 标准版 12+512G,1
华为 Mate 60,Mate 60 雅丹黑 标准版 12+256G,16
华为 Mate 60,Mate 60 雅丹黑 标准版 12+512G,4
华为 Mate 60,Mate 60 雅川青 标准版 12+256G,10
华为 Mate 60,Mate 60 雅川青 标准版 12+512G,5
华为 Mate 60,公开版 南糯紫 12+256G,1
华为 Mate 60,公开版 南糯紫 12+512G,3
华为 Mate 60,公开版 雅丹黑 12+256G,1
华为 Mate 60,公开版 雅丹黑 12+512G,1
华为 Mate 60,公开版 雅川青 12+256G,1
华为 Mate 60,公开版 雅川青 12+512G,1
华为 Mate 60,南糯紫,5
华为 Mate 60,南糯紫 12+256G,2
华为 Mate 60,南糯紫 标准版 12+256G,12
华为 Mate 60,南糯紫 标准版 12+512G,12
华为 Mate 60,玄黑 16+512G,7
华为 Mate 60,瑞红 16+512G,5
华为 Mate 60,白沙银,8
华为 Mate 60,白沙银 12+512G,4
华为 Mate 60,白沙银 标准版 12+256G,42
华为 Mate 60,白沙银 标准版 12+512G,32
华为 Mate 60,雅丹黑,12
华为 Mate 60,雅丹黑 12+256G,1
华为 Mate 60,雅丹黑 12+512G,3
华为 Mate 60,雅丹黑 标准版 12+256G,78
华为 Mate 60,雅丹黑 标准版 12+512G,95
华为 Mate 60,雅川青,4
华为 Mate 60,雅川青 12+256G,2
华为 Mate 60,雅川青 标准版 12+256G,47
华为 Mate 60,雅川青 标准版 12+512G,57
华为 Mate 60 Pro+,宣白,2
华为 Mate 60 Pro+,宣白 16+512G,10
华为 Mate 60 Pro+,砚黑,5
华为 Mate 60 Pro+,砚黑 16+1T,1
华为 Mate 60 Pro+,砚黑 16+512G,7
华为 Mate X5,16GB+1TB 典藏版  幻影紫,5
华为 Mate X5,16GB+1TB 典藏版  羽砂白,3
华为 Mate X5,16GB+1TB 典藏版  羽砂金,2
华为 Mate X5,16GB+1TB 典藏版  羽砂黑,10
华为 Mate X5,16GB+1TB 典藏版  青山黛,2
华为 Mate X5,16GB+512GB 典藏版  幻影紫,15
华为 Mate X5,16GB+512GB 典藏版  羽砂白,13
华为 Mate X5,16GB+512GB 典藏版  羽砂金,3
华为 Mate X5,16GB+512GB 典藏版  羽砂黑,15
华为 Mate X5,16GB+512GB 典藏版  青山黛,11
华为 Mate X5,幻影紫 12+256G,1
华为 Mate X5,幻影紫 12+512G,40
华为 Mate X5,羽砂白 12+256G,1
华为 Mate X5,羽砂白 12+512G,17
华为 Mate X5,羽砂金 12+512G,7
华为 Mate X5,羽砂黑 12+256G,7
华为 Mate X5,羽砂黑 12+512G,38
华为 Mate X5,青山黛 12+256G,4
华为 Mate X5,青山黛 12+512G,23
华为 MateBook D16 SE 2024,i5-13420H/16GB/512GB/16英寸 皓月银,14
华为 MateBook E 2023,i5-1230U/16G/1T/锐炬Xe/12.6英寸/原野绿键盘 星云灰,1
华为 MateBook E 2023,i5-1230U/16G/1T/锐炬Xe/12.6英寸/星云灰键盘 星云灰,1
华为 Pura 70,12+512G 卫星通信版 公开加锁版 雪域白,2
华为 Pura 70,12+512G 羽砂黑,1
华为 Pura 70,12+512G卫星通信版 公开加锁版 羽砂黑,5
华为 Pura 70,12+512G卫星通信版 公开加锁版 雪域白,1
华为 Pura 70,公开加锁版 冰晶蓝 12+512G,1
华为 Pura 70,公开加锁版 羽砂黑 12+512G,5
华为 Pura 70,公开加锁版 雪域白 12+512G,1
华为 Pura 70,公开零售版 16+512G卫星通信版 冰晶蓝,1
华为 Pura 70,公开零售版 冰晶蓝 12+256G,2
华为 Pura 70,公开零售版 冰晶蓝 12+512G,10
华为 Pura 70,公开零售版 樱玫红 12+512G,2
华为 Pura 70,公开零售版 羽砂黑 12+1T,1
华为 Pura 70,公开零售版 羽砂黑 12+256G,1
华为 Pura 70,公开零售版 羽砂黑 12+512G,12
华为 Pura 70,公开零售版 雪域白 12+256G,2
华为 Pura 70,公开零售版 雪域白 12+512G,7
华为 Pura 70,冰晶蓝,18
华为 Pura 70,极速配送 冰晶蓝 12+256G,2
华为 Pura 70,极速配送 冰晶蓝 12+512G,6
华为 Pura 70,极速配送 樱玫红 12+256G,2
华为 Pura 70,极速配送 樱玫红 12+512G,1
华为 Pura 70,极速配送 羽砂黑 12+256G,2
华为 Pura 70,极速配送 羽砂黑 12+512G,1
华为 Pura 70,极速配送 雪域白 12+256G,4
华为 Pura 70,极速配送 雪域白 12+512G,3
华为 Pura 70,樱玫红,5
华为 Pura 70,羽砂黑,26
华为 Pura 70,雪域白,27
华为 Pura 70 Pro,12+1T 公开加锁版 极速发货 罗兰紫,1
华为 Pura 70 Pro,12+1T 公开加锁版 极速发货 羽砂黑,6
华为 Pura 70 Pro,12+1T 公开加锁版 极速发货 雪域白,3
华为 Pura 70 Pro,12+1T 租赁版 极速发货 羽砂黑,1
华为 Pura 70 Pro,12+256G 公开加锁版 极速发货 罗兰紫,11
华为 Pura 70 Pro,12+256G 公开加锁版 极速发货 羽砂黑,39
华为 Pura 70 Pro,12+256G 公开加锁版 极速发货 雪域白,15
华为 Pura 70 Pro,12+256G 租赁版 极速发货 罗兰紫,1
华为 Pura 70 Pro,12+256G 租赁版 极速发货 羽砂黑,4
华为 Pura 70 Pro,12+256G 租赁版 极速发货 雪域白,2
华为 Pura 70 Pro,12+512G 公开加锁版 极速发货 罗兰紫,2
华为 Pura 70 Pro,12+512G 公开加锁版 极速发货 羽砂黑,12
华为 Pura 70 Pro,12+512G 公开加锁版 极速发货 雪域白,6
华为 Pura 70 Pro,12+512G 租赁版 极速发货 罗兰紫,2
华为 Pura 70 Pro,12+512G 租赁版 极速发货 雪域白,3
华为 Pura 70 Pro,光织银,2
华为 Pura 70 Pro,公开版 12+512G 羽砂黑,1
华为 Pura 70 Pro,公开版 雪域白 12+512G,1
华为 Pura 70 Pro,公开零售版 光织银 16+1T,1
华为 Pura 70 Pro,公开零售版 光织银 16+512G,4
华为 Pura 70 Pro,公开零售版 弦乐白 16+1T,1
华为 Pura 70 Pro,公开零售版 弦乐白 16+512G,3
华为 Pura 70 Pro,公开零售版 魅影黑 16+1T,1
华为 Pura 70 Pro,公开零售版 魅影黑 16+512G,6
华为 Pura 70 Pro,弦乐白,1
华为 Pura 70 Pro,极速发货 12+1T 罗兰紫,4
华为 Pura 70 Pro,极速发货 12+512G 罗兰紫,38
华为 Pura 70 Pro,极速发货 罗兰紫 12+256G,7
华为 Pura 70 Pro,极速发货 羽砂黑 12+1T,12
华为 Pura 70 Pro,极速发货 羽砂黑 12+256G,23
华为 Pura 70 Pro,极速发货 羽砂黑 12+512G,131
华为 Pura 70 Pro,极速发货 雪域白 12+1T,10
华为 Pura 70 Pro,极速发货 雪域白 12+256G,23
华为 Pura 70 Pro,极速发货 雪域白 12+512G,95
华为 Pura 70 Pro,罗兰紫,4
华为 Pura 70 Pro,羽砂黑,14
华为 Pura 70 Pro,雪域白,26
华为 Pura 70 Pro,魅影黑,3
华为 Pura 70 Ultra,公开零售版 摩卡棕 16+512G,1
华为 Pura 70 Ultra,公开零售版 星芒白 16+1T,1
华为 Pura 70 Ultra,公开零售版 星芒白 16+512G,1
华为 Pura 70 Ultra,公开零售版 香颂绿 16+1T,1
华为 Pura 70 Ultra,公开零售版 香颂绿 16+512G,2
华为 Pura 70 Ultra,摩卡棕,2
华为 Pura 70 Ultra,星芒白,6
华为 Pura 70 Ultra,星芒黑,8
华为 Pura 70 Ultra,极速发货 星芒黑 16+512G,1
华为 Pura 70 Ultra,香颂绿,2
华为 WATCH 4 Pro,太空探索 深灰色钛金属表带,15
华为 WATCH 4 Pro,木星棕 真皮表带,25
华为 WATCH 4 Pro,火星钛,1
华为 WATCH 4 Pro,火星钛 钛金属表带,14
华为 WATCH 4 Pro,蔚蓝地球 复合表带,9
华为 WATCH GT 4,云杉绿 复合编织表带,1
华为 WATCH GT 4,云杉绿 复合编织表带 GT 4 （46mm）,3
华为 WATCH GT 4,凝霜白 真皮表带 GT 4 （41mm）,8
华为 WATCH GT 4,山茶棕 真皮表带 GT 4 （46mm）,3
华为 WATCH GT 4,幻夜黑 氟橡胶表带 GT 4 （41mm）,4
华为 WATCH GT 4,曜石黑 氟橡胶表带,1
华为 WATCH GT 4,曜石黑 氟橡胶表带 GT 4 （46mm）,4
华为 WATCH GT 4,草木绿 绿色氟橡胶表带 GT 4 （41mm）,3
华为 WATCH Ultimate,纵横海洋 钛金属表带,8
华为 WATCH Ultimate,驰骋山地 黑色丁腈橡胶表带,4
华为 Watch 4,幻月黑 46mm,9
华为 nova 12 活力版,12号色,1
华为 nova 12 活力版,12号色 256G,5
华为 nova 12 活力版,12号色 512G,3
华为 nova 12 活力版,曜金黑 256G,6
华为 nova 12 活力版,曜金黑 512G,2
华为 nova 12 活力版,樱语白 256G,4
华为 nova 12 活力版,樱语白 512G,1
华为 畅享70,256G  翡冷翠,8
华为 畅享70,曜金黑,4
华为 畅享70,曜金黑 128G,6
华为 畅享70,曜金黑 256G,12
华为 畅享70,湖光青 256G,1
华为 畅享70,翡冷翠,3
华为 畅享70,翡冷翠 128G,4
华为 畅享70,雪域白,1
华为 畅享70,雪域白 128G,7
华为 畅享70,雪域白 256G,14
华硕 ROG 枪神 8,i9-14900HX/16G/1T/RTX4060/16英寸 黑色,7
华硕 ROG 枪神 8,i9-14900HX/16G/1T/RTX4060/18英寸 黑色,7
华硕 ROG 枪神 8,i9-14900HX/16G/1T/RTX4070/16英寸 黑色,1
华硕 ROG 枪神 8,i9-14900HX/16G/1T/RTX4070/18英寸 黑色,4
华硕 天选 4,R7-7435H/16G/512GSSD/RTX4050 6G独显/144Hz/100% sRGB/日蚀灰,13
华硕 天选 4,R7-7435H/16G/512GSSD/RTX4060 8G独显/144Hz/100% sRGB/日蚀灰,7
华硕 天选 4,R7-7735/16G/512GSSD/RTX4060 8G独显/144Hz/100%sRGB/魔幻青,13
华硕 天选 4,R7-7735H/16G/512GSSD/RTX4050 6G独显/144Hz/100% sRGB/日蚀灰,11
华硕 天选 4,i5-13500H/16G/512GSSD/RTX4050 6G独显/144Hz/100%sRGB/魔幻青,1
华硕 天选 4,i7-12700H/16G/512GSSD/RTX4060 8G独显/144Hz/100%sRGB/日蚀灰,1
华硕 天选 4,i7-13620H/16G/512GSSD/RTX4050 6G独显/144Hz/100% sRGB/日蚀灰,2
华硕 天选 4,i7-13620H/16G/512GSSD/RTX4050 6G独显/144Hz/100% sRGB/魔幻青,2
华硕 天选 4,i7-13620H/16G/512GSSD/RTX4060 8G独显/144Hz/100% sRGB/日蚀灰,5
华硕 天选 4,i7-13700H/16G/512G/RTX4060/15.6英寸 魔幻青,1
华硕 天选 4,i7-13700H/16G/512SSD/RTX4060 8G独显/144Hz/100%DCI-P3/日蚀灰,8
华硕 天选 4,i7-13700H/16G/512SSD/RTX4060 8G独显/165Hz/100%DCI-P3/魔幻青,7
华硕 天选 4,i9-13900H/16G/1TBSSD/RTX4060 8G独显/165Hz/2.5K/100%DCI-P3/日蚀灰,8
华硕 天选 4,i9-13900H/16G/1TBSSD/RTX4060 8G独显/165Hz/2.5K/100%DCI-P3/魔幻青,12
华硕 天选 4,详规格备注,2
华硕 天选 5,详规格备注,3
华硕 天选 5 Pro,R9-7940HX/16G/1T/RTX4060/16英寸 魔幻青,6
华硕 天选 5 Pro,R9-7940HX/16G/1T/RTX4070/16英寸 魔幻青,13
华硕 天选 5 Pro,i7-13650HX/16G/1T/RTX4050/16英寸 魔幻青,5
华硕 天选 5 Pro,i7-13650HX/16G/1T/RTX4060/16英寸 魔幻青,18
华硕 天选 5 Pro,i9-13980HX/16G/1T/RTX4060/16英寸 魔幻青,5
华硕 天选 5 Pro,i9-14900HX/16G/1T/RTX4060/16英寸 魔幻青,33
华硕 天选 5 Pro,i9-14900HX/16G/1T/RTX4070/16英寸 魔幻青,13
华硕 天选 5 Pro,日蚀灰 R9-7940HX/16G/1T/RTX4060/16英寸,6
华硕 天选 5 Pro,日蚀灰 i7-13650HX/16G/1T/RTX4050/16英寸,2
华硕 天选 5 Pro,日蚀灰 i7-13650HX/16G/1T/RTX4060/16英寸,11
华硕 天选 5 Pro,日蚀灰 i7-13650HX/16G/512G/RTX4050/16英寸,7
华硕 天选 5 Pro,日蚀灰 i7-13650HX/16G/512G/RTX4060/16英寸,5
华硕 天选 5 Pro,日蚀灰 i9-13980HX/16G/1T/RTX4060/16英寸,12
华硕 天选 5 Pro,日蚀灰 i9-13980HX/16G/1T/RTX4070/16英寸,7
华硕 天选 5 Pro,日蚀灰 i9-14900HX/16G/1T/RTX4060/16英寸,36
华硕 天选 5 Pro,详规格备注,4
华硕 天选 5 Pro,青色,1
华硕 天选 Air 2024,AI 9 HX 370/32G/1T/RTX4060/14英寸 月光银,1
小新笔记本 14,卷云灰,1
小新笔记本 14 20款/23款,i5-12450H/16G/512G/集显/14英寸 卷云灰,1
小新笔记本 14 20款/24款,R7-8845H/16G/512G/集显/14英寸 霜雪银,1
小新笔记本 16,卷云灰,2
小新笔记本 16 20款/23款,i5-12450H/16G/512G/集显/16英寸 卷云灰,2
小新笔记本 Pro 14 2021款,详规格备注,1
小新笔记本 Pro 14 2024款,详规格备注,37
小新笔记本 Pro 14 20款/23款,鸽子灰 i5-13500H/16G/1T/集显/14英寸,2
小新笔记本 Pro 14 20款/24款,R7-8845H/16G/1T/集显/14英寸 鸽子灰,3
小新笔记本 Pro 14 20款/24款,R7-8845H/32G/1T/集显/14英寸 鸽子灰,3
小新笔记本 Pro 14 20款/24款,Ultra 5 125H/16G/1T/锐炫/14英寸 鸽子灰,3
小新笔记本 Pro 14 20款/24款,天青蓝 R7-8845H/32G/1T/集显/14英寸,1
小新笔记本 Pro 14 20款/24款,鸽子灰 Ultra 5 125H/32G/1T/锐炫/14英寸,1
小新笔记本 Pro 16,详规格备注,1
小新笔记本 Pro 16 20款/23款,i5-13500H/16G/1T/集显/16英寸 灰色,4
小新笔记本 Pro 16 20款/24款,R7-8845H/32G/1T/集显/16英寸/AI元启 鸽子灰,3
小新笔记本 Pro 16 20款/24款,Ultra 5 125H/16G/1T/锐炫/16英寸 鸽子灰,2
小新笔记本 Pro 16 20款/24款,Ultra 9 185H/32G/1T/锐炫/16英寸 鸽子灰,4
小新笔记本 Pro 16 20款/24款,鸽子灰 R7-8845H/16G/1T/集显/16英寸,1
小新笔记本 Pro 16 20款/24款,鸽子灰 R7-8845H/32G/1T/集显/16英寸,1
小新笔记本 Pro 16 20款/24款,鸽子灰 Ultra 5 125H/32G/1T/锐炫/16英寸,4
小米 13,旷野绿 标准版 12+256G,1
小米 13,标准版 12+256G 白色,3
小米 13,黑色 12+256G,1
小米 14,12+256G 白色,36
小米 14,12+256G 租赁版 黑色,1
小米 14,12+256G 黑色,77
小米 14,12GB+512GB 银色,1
小米 14,16+1T 白色,7
小米 14,16+1T 黑色,13
小米 14,16+512G 白色,43
小米 14,16+512G 租赁版 白色,2
小米 14,16+512G 租赁版 黑色,2
小米 14,16+512G 黑色,57
小米 14,16GB+1TB 银色,1
小米 14,岩石青,8
小米 14,岩石青 12+256G,15
小米 14,岩石青 16+1T,2
小米 14,岩石青 16+512G,7
小米 14,白色,15
小米 14,白色 12+256G,1
小米 14,雪山粉,1
小米 14,雪山粉 12+256G,8
小米 14,雪山粉 16+1T,3
小米 14,雪山粉 16+512G,4
小米 14,黑色,17
小米 14 Ultra,12+256G 白色,4
小米 14 Ultra,12+256G 黑色,3
小米 14 Ultra,16+1T 白色,3
小米 14 Ultra,16+1T 租赁版 白色,1
小米 14 Ultra,16+512G 白色,3
小米 14 Ultra,16+512G 租赁版 白色,1
小米 14 Ultra,16+512G 租赁版 黑色,1
小米 14 Ultra,16+512G 黑色,3
小米 14 Ultra,白色,7
小米 14 Ultra,白色 12+256G,1
小米 14 Ultra,黑色,2
小米 14 Ultra,龙晶蓝,1
小米 14 Ultra,龙晶蓝 12+256G,4
小米 14 Ultra,龙晶蓝 16+512G,4
小米 Civi 4 Pro,柔雾粉,1
小米 Pad 6S Pro 12.4,12GB+256GB 原野绿,1
小米 Pad 6S Pro 12.4,12GB+256GB 黑色,3
小米 Pad 6S Pro 12.4,12GB+512GB 云峰蓝,1
小米 Pad 6S Pro 12.4,12GB+512GB 黑色,9
小米 Pad 6S Pro 12.4,16GB+1TB 云峰蓝,3
小米 Pad 6S Pro 12.4,16GB+1TB 原野绿,3
小米 Pad 6S Pro 12.4,16GB+1TB 黑色,4
小米 Pad 6S Pro 12.4,8GB+256GB 云峰蓝,2
小米 Pad 6S Pro 12.4,8GB+256GB 原野绿,1
未匹配: 2024款 iPad Pro M4芯片,深空黑,1
未匹配: 22款iPad Pro,详规格备注,37
未匹配: 3050款/3060款全新电竞台式机,主机+显示器 27寸 2K 165HZ,3
未匹配: 3050款/3060款全新电竞台式机,主机+显示器 32寸 1K 144HZ,1
未匹配: 3050款/3060款全新电竞台式机,主机+显示器 32寸 1K 165HZ,1
未匹配: 3050款/3060款全新电竞台式机,单主机,5
未匹配: 30系列短租电竞台式机,主机+显示器 27寸 2K 165HZ,6
未匹配: 30系列短租电竞台式机,主机+显示器 32寸 1K 165HZ,2
未匹配: 30系列短租电竞台式机,单主机,3
未匹配: 30系列短租电竞台式机,纯主机+显示器 27寸 2K 240HZ（黑神话悟空.推荐）,5
未匹配: 4060款系列90天起租,主机+显示器 27寸 2K 165HZ,6
未匹配: 4060款系列90天起租,单主机,4
未匹配: AirPods Pro 2代,搭配 MagSafe 充电盒 (USB-C) 白色,170
未匹配: Apple 2024款 iPad Pro,深空黑,3
未匹配: Apple AirPods 全新苹果无线蓝牙耳机 MagSafe无线充电盒,白色,2
未匹配: Apple Apple AirPods Pro,白色,2
未匹配: Apple MacBook Pro 2024款,M4 Max/16+40核/48G+1TB/313（24年款） 深空黑 16英寸,1
未匹配: Apple MacBook Pro 2024款,M4/10+10核/16G+1TB/2V3（24年款） 深空黑 14英寸,1
未匹配: Apple Watch SE 2024款款,午夜色运动型表带 - M/L 午夜色铝金属表壳 GPS 40mm,8
未匹配: Apple Watch SE 2024款款,星光色运动型表带 - M/L 星光色铝金属表壳 GPS 40mm,5
未匹配: Apple Watch SE 2024款款,星光色运动型表带 - S/M 星光色铝金属表壳 GPS 40mm,3
未匹配: Apple Watch Series 10,丹宁色运动型表带 - M/L 银色铝金属表壳 GPS 42mm,30
未匹配: Apple Watch Series 10,丹宁色运动型表带 - S/M 银色铝金属表壳 GPS 42mm,16
未匹配: Apple Watch Series 10,亮黑色铝金属表壳 浓墨色回环式运动表带 GPS 46mm,1
未匹配: Apple Watch Series 10,亮黑色铝金属表壳 黑色运动型表带 - M/L GPS 46mm,1
未匹配: Apple Watch Series 10,亮黑色铝金属表壳 黑色运动型表带 - M/L GPS＋蜂窝版 46mm,1
未匹配: Apple Watch Series 10,亮黑色铝金属表壳 黑色运动型表带 - S/M GPS 46mm,1
未匹配: Apple Watch Series 10 橡胶表带 智能手表,亮黑色铝金属表壳,4
未匹配: Apple Watch Series 10 橡胶表带 智能手表,玫瑰金铝金属表壳,1
未匹配: Apple Watch Series 9,午夜色 运动型表带M/L,2
未匹配: Apple Watch Series 9,午夜色 运动型表带S/M,2
未匹配: Apple Watch Series 9,星光色 运动型表带M/L,2
未匹配: Apple Watch Series?9,亮粉色运动型表带 S/M 铝金属表壳 蜂窝+GPS版 41mm,1
未匹配: Apple Watch Series?9,午夜色运动型表带 M/L 铝金属表壳 41mm GPS版,1
未匹配: Apple Watch Series?9,午夜色运动型表带 M/L 铝金属表壳 45mm GPS版,1
未匹配: Apple Watch Series?9,午夜色运动型表带 S/M 铝金属表壳 41mm GPS版,3
未匹配: Apple Watch Series?9,午夜色运动型表带 S/M 铝金属表壳 45mm GPS版,1
未匹配: Apple Watch Series?9,午夜色运动型表带 S/M 铝金属表壳 45mm 蜂窝+GPS版,2
未匹配: Apple Watch Series?9,午夜色运动型表带 S/M 铝金属表壳 蜂窝+GPS版 41mm,2
未匹配: Apple Watch Series?9,均码 星光色回环式表带 铝金属表壳 41mm GPS版,2
未匹配: Apple Watch Series?9,星光色运动型表带 M/L 铝金属表壳 41mm GPS版,2
未匹配: Apple Watch Series?9,星光色运动型表带 M/L 铝金属表壳 45mm 蜂窝+GPS版,1
未匹配: Apple Watch Series?9,星光色运动型表带 S/M 铝金属表壳 41mm GPS版,5
未匹配: Apple Watch Series?9,星光色运动型表带 S/M 铝金属表壳 45mm GPS版,3
未匹配: Apple Watch Series?9,星光色运动型表带 S/M 铝金属表壳 45mm 蜂窝+GPS版,1
未匹配: Apple Watch Series?9,星光色运动型表带 S/M 铝金属表壳 蜂窝+GPS版 41mm,1
未匹配: Apple Watch Ultra 2,M/L 橙配米色野径回环式表带 钛金属表壳 49MM 蜂窝+GPS版,2
未匹配: Apple Watch Ultra 2,M/L 绿配灰色野径回环式表带 钛金属表壳 49MM 蜂窝+GPS版,1
未匹配: Apple Watch Ultra 2,M/L 蓝配黑色野径回环式表带 钛金属表壳 49MM 蜂窝+GPS版,1
未匹配: Apple Watch Ultra 2,S/M 橙配米色野径回环式表带 钛金属表壳 49MM 蜂窝+GPS版,1
未匹配: Apple Watch Ultra 2,S/M 绿配灰色野径回环式表带 钛金属表壳 49MM 蜂窝+GPS版,1
未匹配: Apple Watch Ultra 2,S/M 蓝配黑色野径回环式表带 钛金属表壳 49MM 蜂窝+GPS版,2
未匹配: Apple Watch Ultra 2,中号 蓝色高山回环式表带 钛金属表壳 49MM 蜂窝+GPS版,1
未匹配: Apple Watch Ultra 2,均码 橙色海洋表带 钛金属表壳 49MM 蜂窝+GPS版,7
未匹配: Apple Watch Ultra 2,均码 蓝色海洋表带 钛金属表壳 49MM 蜂窝+GPS版,5
未匹配: Apple Watch Ultra 2,均码 钛金属表壳 49MM 白色海洋表带 蜂窝+GPS版,10
未匹配: Apple Watch Ultra 2,大号 橄榄色高山回环式表带 钛金属表壳 49MM 蜂窝+GPS版,1
未匹配: Apple Watch Ultra 2,大号 靛蓝色高山回环式表带 钛金属表壳 49MM 蜂窝+GPS版,1
未匹配: Apple Watch Ultra 2,橙色海洋表带,1
未匹配: Apple Watch Ultra 2,白色海洋表带,1
未匹配: Apple Watch Ultra 2,蓝色海洋表带,1
未匹配: Apple Watch Ultra 2 2024款,黑色海洋表带 黑色钛金属表壳 GPS＋蜂窝版 49mm,29
未匹配: Apple Watch Ultra 2 2024款版 S9智能手表,原色钛金属表壳-海洋表带-海军蓝色,1
未匹配: Apple Watch Ultra 2 2024款版 S9智能手表,原色钛金属表壳-海洋表带-黑色,1
未匹配: Apple Watch Ultra 2 2024款版 S9智能手表,原色钛金属表壳-钛金属米兰尼斯表带-原色,1
未匹配: Apple Watch Ultra 2 2024款版 S9智能手表,黑色钛金属表壳-海洋表带-黑色,1
未匹配: Apple Watch Ultra 2 2024款版 S9智能手表,黑色钛金属表壳-钛金属米兰尼斯表带-黑色,1
未匹配: Apple Watch Ultra 2 年度爆款,橄榄色高山回环式表带,1
未匹配: Apple Watch Ultra 2 年度爆款,橙色海洋表带,1
未匹配: Apple Watch Ultra 2 年度爆款,白色海洋表带,3
未匹配: Apple Watch Ultra 2 年度爆款,蓝色海洋表带,2
未匹配: Apple Watch Ultra 2 年度爆款,蓝色高山回环式表带,1
未匹配: Apple Watch Ultra 2 年度爆款,蓝配黑色野径回环式表带,1
未匹配: Apple iPad mini 2024款,8.3英寸 WiFi版 128G 紫色,1
未匹配: Apple iPad mini 2024款,8.3英寸 WiFi版 128G 蓝色,1
未匹配: Apple iPad mini 2024款,8.3英寸 WiFi版 256G 蓝色,1
未匹配: Apple iPad mini 2024款,8.3英寸 深空灰色 WiFi版 128G,1
未匹配: Apple iPad mini 2024款,8.3英寸 深空灰色 WiFi版 256G,2
未匹配: Apple iPad mini 2024款,8.3英寸 深空灰色 WiFi版 512G,1
未匹配: Apple iPad mini 2024款,8.3英寸 蜂窝版 256G 紫色,1
未匹配: Apple iPad mini 2024款,8.3英寸 蜂窝版 256G 蓝色,1
未匹配: Apple/苹果 AirPods Max,午夜色,2
未匹配: Apple/苹果 AirPods Max,星光色,1
未匹配: Apple/苹果 AirPods Max,紫色,1
未匹配: Apple/苹果 AirPods Max,蓝色,2
未匹配: Apple?Watch Series?10 橡胶表带 智能手表,亮黑色铝金属表壳,2
未匹配: Apple?Watch Series?10 橡胶表带 智能手表,玫瑰金铝金属表壳,1
未匹配: Galaxy S25 Ultra,钛辉银,1
未匹配: Galaxy S25 Ultra,钛雾灰,1
未匹配: Galaxy Z Flip6,青薄荷,1
未匹配: Galaxy Z Fold6,星夜银,1
未匹配: K10X,极光,11
未匹配: MacBook 99新 2022款 MacBook Air 13寸,深空灰,1
未匹配: MacBook Air 2020款年款,详规格备注,1
未匹配: MacBook Air 2022款,M2/8+8核/8G+256G 13.6英寸 午夜色,1
未匹配: MacBook Air 2022款,M2/8+8核/8G+256G 13.6英寸 银色,1
未匹配: MacBook Air 2024款,M3/8+10核/16G+512G 13.6英寸 星光色,2
未匹配: MacBook Air 2024款,M3/8+10核/16G+512G 13.6英寸 银色,2
未匹配: MacBook Air 2024款,M3/8+10核/16G+512G 15.3英寸 午夜色,3
未匹配: MacBook Air 2024款,M3/8+10核/16G+512G 15.3英寸 星光色,2
未匹配: MacBook Air 2024款,M3/8+10核/16G+512G 15.3英寸 深空灰色,2
未匹配: MacBook Air 2024款,M3/8+10核/16G+512G 15.3英寸 银色,2
未匹配: MacBook Air 2024款,M3/8+10核/8G+256G 15.3英寸 星光色,2
未匹配: MacBook Air 2024款,M3/8+10核/8G+256G 15.3英寸 深空灰色,1
未匹配: MacBook Air 2024款,M3/8+10核/8G+512G 13.6英寸 午夜色,1
未匹配: MacBook Air 2024款,M3/8+10核/8G+512G 13.6英寸 深空灰色,3
未匹配: MacBook Air 2024款,M3/8+10核/8G+512G 15.3英寸 星光色,1
未匹配: MacBook Air 2024款,M3/8+10核/8G+512G 15.3英寸 银色,1
未匹配: MacBook Air 2024款,M3/8+8核/8G+256G 13.6英寸 午夜色,3
未匹配: MacBook Air 2024款,M3/8+8核/8G+256G 13.6英寸 星光色,1
未匹配: MacBook Air 2024款,M3/8+8核/8G+256G 13.6英寸 深空灰色,6
未匹配: MacBook Air 2024款,M3/8+8核/8G+256G 13.6英寸 银色,5
未匹配: MacBook Air M3 2024款,银色,1
未匹配: MatePad Pro 2024款,12GB+256GB WiFi版 曜金黑,2
未匹配: MatePad Pro 2024款,13.2英寸 12GB+256GB WiFi版 曜金黑,2
未匹配: MatePad Pro 2024款,13.2英寸 12GB+512GB WiFi版 曜金黑,3
未匹配: MatePad Pro 2024款,13.2英寸 晶钻白 12GB+256GB WiFi版,2
未匹配: MatePad Pro 2024款,13.2英寸 晶钻白 12GB+512GB WiFi版,3
未匹配: MatePad Pro 2024款,13.2英寸 罗兰紫 12GB+256GB WiFi版,1
未匹配: MatePad Pro 2024款,13.2英寸 罗兰紫 12GB+512GB WiFi版,6
未匹配: MatePad Pro 2024款,13.2英寸 雅川青 12GB+256GB WiFi版,1
未匹配: MatePad Pro 2024款,13.2英寸 雅川青 12GB+512GB WiFi版,3
未匹配: MatePad Pro 2024款,晶钻白 12GB+256GB WiFi版,1
未匹配: MatePad Pro 2024款,雅川青 16GB+1TB WiFi版,1
未匹配: OPPO A3,12+256G 极光紫,1
未匹配: OPPO A3,12+512G 极光紫,1
未匹配: OPPO A3,山涧绿 12+512G,1
未匹配: OPPO A3,静海黑 12+256G,2
未匹配: OPPO A5 Pro,石英白 8+256G,1
未匹配: OPPO Find N3,千山绿 12+512G,1
未匹配: OPPO Find N3,潜航黑,2
未匹配: OPPO Find N3,赤壁丹霞 16+1T,1
未匹配: OPPO Find N3 Filp,公开版 颜色随机 12+256G,6
未匹配: OPPO Find N3 Flip,月光缪斯 12+256G,1
未匹配: OPPO Find N3 Flip,薄雾玫瑰 12+256G,2
未匹配: OPPO Find N3 Flip,薄雾玫瑰 12+512G,1
未匹配: OPPO Find N3 Flip,镜中之夜,2
未匹配: OPPO Find N3 Flip,镜中之夜 12+512G,1
未匹配: OPPO Find X8,12+256G 租赁版 星野黑,2
未匹配: OPPO Find X8,12+256G 租赁版 气泡粉,1
未匹配: OPPO Find X8,12+256G 租赁版 浮光白,2
未匹配: OPPO Find X8,12+256G 租赁版 追风蓝,1
未匹配: OPPO Find X8,12+512G 租赁版 浮光白,2
未匹配: OPPO Find X8,16+512G 租赁版 气泡粉,1
未匹配: OPPO Find X8,公开版 气泡粉 12+512G,1
未匹配: OPPO Find X8,公开版 浮光白 12+512G,1
未匹配: OPPO Find X8,公开版 追风蓝 12+512G,1
未匹配: OPPO Find X8,星野黑,32
未匹配: OPPO Find X8,星野黑 12+256G,1
未匹配: OPPO Find X8,星野黑 12+512G,1
未匹配: OPPO Find X8,星野黑 16+512G,6
未匹配: OPPO Find X8,气泡粉,11
未匹配: OPPO Find X8,气泡粉 12+256G,5
未匹配: OPPO Find X8,气泡粉 12+512G,3
未匹配: OPPO Find X8,气泡粉 16+512G,6
未匹配: OPPO Find X8,浮光白,27
未匹配: OPPO Find X8,浮光白 12+256G,5
未匹配: OPPO Find X8,浮光白 12+512G,4
未匹配: OPPO Find X8,浮光白 16+1T,2
未匹配: OPPO Find X8,浮光白 16+256G,2
未匹配: OPPO Find X8,浮光白 16+512G,7
未匹配: OPPO Find X8,租赁版 星野黑 16+1T,1
未匹配: OPPO Find X8,租赁版 星野黑 16+256G,1
未匹配: OPPO Find X8,租赁版 浮光白 12+256G,3
未匹配: OPPO Find X8,租赁版 浮光白 16+256G,1
未匹配: OPPO Find X8,追风蓝,10
未匹配: OPPO Find X8,追风蓝 12+256G,6
未匹配: OPPO Find X8,追风蓝 12+512G,1
未匹配: OPPO Find X8,追风蓝 16+512G,6
未匹配: OPPO Find X8 Pro,星野黑,5
未匹配: OPPO Find X8 Pro,星野黑 12+256G,4
未匹配: OPPO Find X8 Pro,星野黑 16+1T,1
未匹配: OPPO Find X8 Pro,星野黑 16+512G,4
未匹配: OPPO Find X8 Pro,晴空航线 12+512G,1
未匹配: OPPO Find X8 Pro,晴空航线 16+512G,6
未匹配: OPPO Find X8 Pro,漫步云端,2
未匹配: OPPO Find X8 Pro,漫步云端 12+256G,3
未匹配: OPPO Find X8 Pro,漫步云端 12+512G,3
未匹配: OPPO Find X8 Pro,漫步云端 16+1T,1
未匹配: OPPO Find X8 Pro,漫步云端 16+512G,4
未匹配: OPPO Find X8 Pro 无影抓拍 潮汐引擎 AI一键问屏拍照手机,漫步云端,1
未匹配: OPPO Find X8 无影抓拍超轻薄直屏手机,星野黑,1
未匹配: OPPO Pad 3 Pro,12.1英寸 WiFi 16GB+1TB 夜幕蓝,1
未匹配: OPPO Pad 3 Pro,12.1英寸 夜幕蓝 WiFi 12GB+256GB,1
未匹配: OPPO Pad 3 Pro,12.1英寸 夜幕蓝 WiFi 8GB+256GB,2
未匹配: OPPO Pad 3 Pro,12.1英寸 晨曦金 WiFi 12GB+256GB,1
未匹配: OPPO Pad 3 Pro,12.1英寸 晨曦金 WiFi 16GB+512G,1
未匹配: ThinkPad E14 2023款,石墨黑 i5-13500H/16G/512G/集显/14英寸,1
未匹配: ThinkPad T14p 2023款,i9-13900H/32G/1T/集显/14英寸 黑色,1
未匹配: freebuds5至臻版,冰霜银,1
未匹配: iPad Air 2024款 11英寸,WiFi版 128G 深空灰,13
未匹配: iPad Air 2024款 11英寸,WiFi版 128G 紫色,24
未匹配: iPad Air 2024款 11英寸,WiFi版 128G 蓝色,10
未匹配: iPad Air 2024款 11英寸,WiFi版 256G 深空灰,18
未匹配: iPad Air 2024款 11英寸,WiFi版 256G 紫色,11
未匹配: iPad Air 2024款 11英寸,WiFi版 256G 蓝色,4
未匹配: iPad Air 2024款 11英寸,WiFi版 512G 深空灰,2
未匹配: iPad Air 2024款 11英寸,WiFi版 512G 紫色,4
未匹配: iPad Air 2024款 11英寸,星光色 WiFi版 128G,9
未匹配: iPad Air 2024款 11英寸,星光色 WiFi版 256G,3
未匹配: iPad Air 2024款 11英寸,星光色 WiFi版 512G,2
未匹配: iPad Air 2024款 11英寸 准新,11英寸 WiFi版 128G 紫色,1
未匹配: iPad Air 2024款 11英寸 准新,11英寸 WiFi版 256G 星空灰,1
未匹配: iPad Air 2024款 13英寸,WiFi版 128G 深空灰,2
未匹配: iPad Air 2024款 13英寸,WiFi版 128G 紫色,2
未匹配: iPad Air 2024款 13英寸,WiFi版 256G 深空灰,2
未匹配: iPad Air 2024款 13英寸,WiFi版 256G 紫色,2
未匹配: iPad Air 2024款 13英寸,WiFi版 512G 深空灰,3
未匹配: iPad Air 2024款 13英寸,WiFi版 512G 紫色,1
未匹配: iPad Air 2024款 13英寸,WiFi版 512G 蓝色,2
未匹配: iPad Air 2024款 M2芯片 Apple/苹果 新款平板电脑,星光色,5
未匹配: iPad Air 2024款 M2芯片 Apple/苹果 新款平板电脑,深空灰色,3
未匹配: iPad Air 2024款 M2芯片 Apple/苹果 新款平板电脑,蓝色,1
未匹配: iPad Pro 2022款新款,银色,2
未匹配: iPad Pro 2024款 11英寸,标准玻璃 WiFi版 256G 银色,19
未匹配: iPad Pro 2024款 11英寸,标准玻璃 WiFi版 512G 银色,5
未匹配: iPad Pro 2024款 11英寸,标准玻璃 深空黑 WiFi版 256G,29
未匹配: iPad Pro 2024款 11英寸,标准玻璃 深空黑 WiFi版 512G,2
未匹配: iPad Pro 2024款 13英寸,标准玻璃 WiFi版 256G 银色,14
未匹配: iPad Pro 2024款 13英寸,标准玻璃 WiFi版 512G 银色,3
未匹配: iPad Pro 2024款 13英寸,标准玻璃 深空黑 WiFi版 256G,22
未匹配: iPad Pro 2024款 13英寸,标准玻璃 深空黑 WiFi版 512G,5
未匹配: iPad Pro 2024款 M4芯片 新款苹果平板电脑,深空黑色,20
未匹配: iPad Pro 2024款 M4芯片 新款苹果平板电脑,银色,12
未匹配: iPad mini 6 2021款,深空灰色,1
未匹配: iPad 无线版,银色,1
未匹配: iQOO Neo9S Pro,星曜白,2
未匹配: iQOO Z9 Turbo,曜夜黑,1
未匹配: iQOO12 Pro,燃途版,1
未匹配: realem GT7 Pro,火星,1
未匹配: realme真我GT6,光年白,1
未匹配: realme真我GT6,月之暗面,1
未匹配: realme真我GT6,风暴紫,1
未匹配: realme真我GT7 Pro,光域白,9
未匹配: realme真我GT7 Pro,星迹钛,7
未匹配: vivo S18 Pro,青澈,1
未匹配: vivo S20,12+256G 松烟墨,1
未匹配: vivo S20,凤羽金,3
未匹配: vivo S20,凤羽金 8+256G,1
未匹配: vivo S20,玉露白 12+256G,1
未匹配: vivo X Fold3,薄翼黑 16+256G,3
未匹配: vivo X Fold3,薄翼黑 16+512G,1
未匹配: vivo X Fold3,轻羽白 16+256G,4
未匹配: vivo X Fold3,轻羽白 16+512G,2
未匹配: vivo X200,12+256G 宝石蓝,1
未匹配: vivo X200,12+512G 宝石蓝,1
未匹配: vivo X200,16+512G 宝石蓝,2
未匹配: vivo X200,白月光,3
未匹配: vivo X200,白月光 12+256G,6
未匹配: vivo X200,白月光 16+512G,2
未匹配: vivo X200,辰夜黑,1
未匹配: vivo X200,辰夜黑 12+256G,1
未匹配: vivo X200,辰夜黑 12+512G,1
未匹配: vivo X200,辰夜黑 16+1T,1
未匹配: vivo X200,钛色 12+256G,2
未匹配: vivo X200,钛色 12+512G,1
未匹配: vivo X200,钛色 16+512G,3
未匹配: vivo X200 Pro,12+256G 宝石蓝,3
未匹配: vivo X200 Pro,16+1T 宝石蓝,4
未匹配: vivo X200 Pro,16+1T卫星通信版 宝石蓝,2
未匹配: vivo X200 Pro,16+512G 宝石蓝,9
未匹配: vivo X200 Pro,白月光,5
未匹配: vivo X200 Pro,白月光 12+256G,1
未匹配: vivo X200 Pro,白月光 16+1T,4
未匹配: vivo X200 Pro,白月光 16+512G,16
未匹配: vivo X200 Pro,辰夜黑,2
未匹配: vivo X200 Pro,辰夜黑 12+256G,1
未匹配: vivo X200 Pro,辰夜黑 16+1T,1
未匹配: vivo X200 Pro,辰夜黑 16+512G,7
未匹配: vivo X200 Pro,钛色,2
未匹配: vivo X200 Pro,钛色 12+256G,2
未匹配: vivo X200 Pro,钛色 16+1T,1
未匹配: vivo X200 Pro,钛色 16+1T卫星通信版,1
未匹配: vivo X200 Pro,钛色 16+512G,3
未匹配: vivo X200 Pro mini,微粉,1
未匹配: vivo X200 Pro mini,微粉 16+1T,1
未匹配: vivo X200 Pro mini,微粉 16+512G,5
未匹配: vivo X200 Pro mini,直白,2
未匹配: vivo X200 Pro mini,直白 12+256G,4
未匹配: vivo X200 Pro mini,直白 16+1T,1
未匹配: vivo X200 Pro mini,直白 16+512G,10
未匹配: vivo X200 Pro mini,简黑 12+256G,1
未匹配: vivo X200 Pro mini,简黑 16+1T,1
未匹配: vivo X200 Pro mini,简黑 16+512G,4
未匹配: vivo X200 Pro mini,钛青 12+256G,1
未匹配: vivo X200 Pro mini,钛青 16+512G,5
未匹配: vivo X200 Pro 闪充拍照全新手机,白月光,1
未匹配: vivo X200 Pro 闪充拍照全新手机,辰夜黑,2
未匹配: vivo X200 pro,白月光,6
未匹配: vivo X200 pro,辰夜黑,2
未匹配: vivo X200 pro,钛色,4
未匹配: vivo X90,冰蓝,1
未匹配: vivo Y200i,冰川白 12+512G,1
未匹配: vivo Y200i,浩海蓝 12+256G,1
未匹配: vivo Y300 Pro,12+256G 墨玉黑,6
未匹配: vivo Y300 Pro,12+512G 墨玉黑,2
未匹配: vivo Y300 Pro,羊脂白 12+256G,4
未匹配: vivo Y300 Pro,羊脂白 12+512G,2
未匹配: vivo Y300 Pro,金镶玉 12+512G,2
未匹配: vivo Y300 Pro,钛色 12+256G,2
未匹配: vivo Y300 Pro,钛色 12+512G,2
未匹配: vivo iQOO 11,曼岛特别版,1
未匹配: vivo iQOO 11 Pro,传奇版,1
未匹配: vivo iQOO 12,12+512G  传奇版,1
未匹配: vivo iQOO 12,16+1T  传奇版,2
未匹配: vivo iQOO 12,16+512G  传奇版,5
未匹配: vivo iQOO 12,16+512G  赛道版,3
未匹配: vivo iQOO 12,燃途 12+256G,1
未匹配: vivo iQOO 12,燃途 16+512G,1
未匹配: vivo iQOO 13,12+256G 传奇版,20
未匹配: vivo iQOO 13,12+256G 赛道版,2
未匹配: vivo iQOO 13,12+512G 传奇版,3
未匹配: vivo iQOO 13,16+1T 传奇版,5
未匹配: vivo iQOO 13,16+256G 传奇版,7
未匹配: vivo iQOO 13,16+256G 赛道版,2
未匹配: vivo iQOO 13,16+512G 传奇版,12
未匹配: vivo iQOO 13,16+512G 赛道版,5
未匹配: vivo iQOO 13,传奇版,39
未匹配: vivo iQOO 13,曼岛,19
未匹配: vivo iQOO 13,曼岛 12+256G,1
未匹配: vivo iQOO 13,曼岛 12+512G,1
未匹配: vivo iQOO 13,曼岛 16+512G,1
未匹配: vivo iQOO 13,纳多灰,12
未匹配: vivo iQOO 13,纳多灰 12+256G,3
未匹配: vivo iQOO 13,纳多灰 16+1T,1
未匹配: vivo iQOO 13,纳多灰 16+256G,5
未匹配: vivo iQOO 13,纳多灰 16+512G,3
未匹配: vivo iQOO 13,赛道版,14
未匹配: vivo iQOO Neo10,拉力橙,1
未匹配: vivo iQOO Neo10,拉力橙 12+256G,1
未匹配: vivo iQOO Neo10,拉力橙 12+512G,2
未匹配: vivo iQOO Neo10,拉力橙 16+1T,1
未匹配: vivo iQOO Neo10,拉力橙 16+256G,2
未匹配: vivo iQOO Neo10,拉力橙 16+512G,2
未匹配: vivo iQOO Neo10,疾影黑,3
未匹配: vivo iQOO Neo10,驰光白,4
未匹配: vivo iQOO Neo10,驰光白 12+256G,1
未匹配: vivo iQOO Neo10,驰光白 12+512G,5
未匹配: vivo iQOO Neo10,驰光白 16+1T,1
未匹配: vivo iQOO Neo10,驰光白 16+256G,1
未匹配: vivo iQOO Neo10 Pro,疾影黑 12+512G,1
未匹配: vivo iQOO Neo10 Pro,驰光白 12+256G,1
未匹配: vivo iQOO Neo10 Pro,驰光白 16+256G,2
未匹配: vivo iQOO Neo10 Pro,驰光白 16+512G,1
未匹配: vivo iQOO Neo10Pro,驰光白,2
未匹配: vivo iQOO Z9,山野青,1
未匹配: vivo iQOO Z9,曜夜黑,1
未匹配: vivo iQOO Z9,曜夜黑 12+256G,1
未匹配: vivo iQOO Z9x,星芒白 12+256G,1
未匹配: vivo iQOO Z9x,曜夜黑,2
未匹配: vivo iQOO Z9x,风羽青,1
未匹配: vivo iQOO12,赛道版,1
未匹配: 一加 12,岩黑,1
未匹配: 一加 12,苍绿,2
未匹配: 一加 13,白露晨曦 16+512G,1
未匹配: 一加 13,蓝调时刻 16+512G,2
未匹配: 一加 13,黑曜秘境 12+256G,3
未匹配: 一加 13,黑曜秘境 16+512G,6
未匹配: 一加 13,黑曜秘境 24+1T,1
未匹配: 一加 Ace 5,全速黑 12+256G,14
未匹配: 一加 Ace 5,天青瓷-陶瓷特别版 16+512G,1
未匹配: 一加 Ace 5,引力钛 12+256G,13
未匹配: 一加 Ace 5,引力钛 12+512G,3
未匹配: 一加 Ace 5,引力钛 16+256G,4
未匹配: 一加 Ace 5,引力钛 16+512G,3
未匹配: 一加 Ace 5 Pro,星穹紫 12+256G,4
未匹配: 一加 Ace 5 Pro,星穹紫 12+512G,1
未匹配: 一加 Ace 5 Pro,星穹紫 16+1T,2
未匹配: 一加 Ace 5 Pro,星穹紫 16+256G,2
未匹配: 一加 Ace 5 Pro,星穹紫 16+512G,1
未匹配: 一加 Ace 5 Pro,潜航黑,5
未匹配: 一加 Ace 5 Pro,潜航黑 12+256G,1
未匹配: 一加 Ace 5 Pro,潜航黑 12+512G,1
未匹配: 一加 Ace 5 Pro,潜航黑 16+1T,1
未匹配: 一加 Ace 5 Pro,潜航黑 16+512G,2
未匹配: 一加 Ace 5 Pro,白月瓷-陶瓷特别版,1
未匹配: 一加 Ace 5 Pro,白月瓷-陶瓷特别版 16+1T,1
未匹配: 一加 Ace 5 Pro,白月瓷-陶瓷特别版 16+512G,2
未匹配: 一加 Ace 5 新款游戏性能手机 AI智能5G,全速黑,1
未匹配: 一加13,白露晨曦,2
未匹配: 一加13,蓝调时刻,1
未匹配: 一加13,黑曜秘境,1
未匹配: 三星  三星 S24,雅岩灰,1
未匹配: 三星  三星 S24 ultra,钛灰,2
未匹配: 三星 Galaxy S24,雅岩灰 8+256G,1
未匹配: 三星 Galaxy S24+,水墨黑 12+256G,1
未匹配: 三星 Galaxy S24+,雅岩灰 12+512G,1
未匹配: 三星 Galaxy S24+新品上新 AI智享生活办公 2K全视屏,雅岩灰,1
未匹配: 三星 Galaxy S25 Ultra,钛辉银 公开版 12+512G,1
未匹配: 三星 Galaxy S25 Ultra,钛银蓝 公开版 12+256G,1
未匹配: 三星 Galaxy Tab A9+,海浪蓝 WLAN版 4GB+64GB,1
未匹配: 三星 Galaxy Z Flip5,云影灰 标准版 8+256G,3
未匹配: 三星 Galaxy Z Flip5,标准版 冰薄荷 8+256G,1
未匹配: 三星 GalaxyS24,水墨黑,1
未匹配: 三星 W24,纳多灰 16+1T,11
未匹配: 三星 W25,16+512G 陶瓷黑,1
未匹配: 三星 W25 Flip,12+512G 陶瓷黑,1
未匹配: 东恒创出单测试,黑河银,8
未匹配: 东恒创出单测试2,黑河银,2
未匹配: 中高端电竞游戏台式电脑,单主机,1
未匹配: 全新 Apple Watch Series 9,午夜色铝金属表壳,1
未匹配: 全新 Apple Watch Series 9,星光色铝金属表壳,3
未匹配: 全新 Apple Watch Ultra 2 年度爆款,白色海洋表带,1
未匹配: 全新 Apple 苹果 iPad Pro 2024款 M4芯片 新款平板电脑,深空黑色,2
未匹配: 努比亚 Flip,奶茶 12+256G,1
未匹配: 努比亚 Z70 Ultra,黑玺 16+512G,1
未匹配: 努比亚 红魔10 Pro+,暗夜骑士 16+512G,2
未匹配: 努比亚 红魔10 Pro+,氘锋透明暗夜 16+512G,1
未匹配: 努比亚Z60 Ultra 领先版,16+512G 竞速黑,1
未匹配: 努比亚Z60 Ultra 领先版,24+1T 竞速黑,1
未匹配: 华为  华为 Pocket 2,大溪地灰,1
未匹配: 华为  华为 Pocket 2,洛可可白,4
未匹配: 华为  华为 Pocket 2,雅黑,1
未匹配: 华为 FreeBuds Pro 4 悦彰耳机,曜石黑 标配,1
未匹配: 华为 FreeClip,星空黑,13
未匹配: 华为 FreeClip,暖星云,4
未匹配: 华为 FreeClip,流光紫,6
未匹配: 华为 FreeClip 耳夹耳机,星空黑,4
未匹配: 华为 FreeClip 耳夹耳机,流光紫,4
未匹配: 华为 FreeLace pro,无线充版 曜石黑,1
未匹配: 华为 Mate 40E,釉白色,1
未匹配: 华为 Mate 70,12+1T 租赁版 云杉绿,1
未匹配: 华为 Mate 70,12+256G 租赁版 云杉绿,2
未匹配: 华为 Mate 70,12+256G 租赁版 曜石黑,3
未匹配: 华为 Mate 70,12+256G 租赁版 雪域白,2
未匹配: 华为 Mate 70,12+512G 租赁版 云杉绿,2
未匹配: 华为 Mate 70,12+512G 租赁版 曜石黑,7
未匹配: 华为 Mate 70,12+512G 租赁版 雪域白,3
未匹配: 华为 Mate 70,云杉绿,8
未匹配: 华为 Mate 70,云杉绿 12+512G,3
未匹配: 华为 Mate 70,曜石黑,20
未匹配: 华为 Mate 70,曜石黑 12+512G,11
未匹配: 华为 Mate 70,雪域白,11
未匹配: 华为 Mate 70,雪域白 12+1T,1
未匹配: 华为 Mate 70,雪域白 12+512G,5
未匹配: 华为 Mate 70,风信紫,3
未匹配: 华为 Mate 70,风信紫 12+512G,1
未匹配: 华为 Mate 70 Pro,曜石黑 12+1T,1
未匹配: 华为 Mate 70 RS,玄黑 16+512G,2
未匹配: 华为 Mate 70 RS,瑞红 16+1T,1
未匹配: 华为 Mate 70 新款纯血鸿蒙 超可靠玄武架构,雪域白,2
未匹配: 华为 Mate X6,寰宇红 12+512G,2
未匹配: 华为 Mate X6,星云白 12+512G,2
未匹配: 华为 Mate X6,深海蓝 12+512G,1
未匹配: 华为 MateBook 14 2024款,Ultra 5/16GB/1TB 深空灰,5
未匹配: 华为 MateBook 14 2024款,Ultra 5/16GB/1TB 皓月银,5
未匹配: 华为 MateBook 14 2024款,Ultra 5/16GB/512GB 深空灰,2
未匹配: 华为 MateBook 14 2024款,Ultra 5/16GB/512GB 皓月银,5
未匹配: 华为 MateBook 14 2024款,Ultra 5/32GB/1TB 深空灰,1
未匹配: 华为 MateBook 14 2024款,Ultra 5/32GB/1TB 皓月银,1
未匹配: 华为 MateBook 14 2024款,Ultra 7/32GB/1TB 深空灰,4
未匹配: 华为 MateBook 14 2024款,原野绿 Ultra 5/32GB/1TB,4
未匹配: 华为 MateBook 16s 2023款,i7-13700H/32G/1T/锐炬Xe/触屏/16英寸 深空灰,1
未匹配: 华为 MateBook D14 2024款,i5-13420H/16G/512G/集显/14英寸 深空灰,10
未匹配: 华为 MateBook D14 2024款,i5-13420H/16G/512G/集显/14英寸 皓月银,10
未匹配: 华为 MateBook D14 SE 2024款,i5-13420H/16GB/512GB/14英寸 皓月银,2
未匹配: 华为 MateBook D16 2024款,i5-13420H/16G/1T/集显/16英寸 深空灰,13
未匹配: 华为 MateBook D16 2024款,i5-13420H/16G/1T/集显/16英寸 皓月银,9
未匹配: 华为 MateBook D16 2024款,i5-13500H/16G/1T/集显/16英寸 深空灰,2
未匹配: 华为 MateBook D16 2024款,i5-13500H/16G/1T/集显/16英寸 皓月银,4
未匹配: 华为 MateBook D16 2024款,i7-13700H/16G/1T/集显/16英寸 深空灰,4
未匹配: 华为 MateBook D16 2024款,i7-13700H/16G/1T/集显/16英寸 皓月银,4
未匹配: 华为 MateBook D16 2024款,i9-13900H/16G/1T/集显/16英寸 深空灰,1
未匹配: 华为 MateBook E Go,16GB+512GB WIFI 星云灰,1
未匹配: 华为 MateBook X Pro 2023款,i7-1360P/32G/1T/锐炬Xe/14.2英寸/触屏 深空灰,1
未匹配: 华为 MateBook X Pro 2024款,宣白 U7/16GB/1TB,2
未匹配: 华为 MateBook X Pro 2024款,晴蓝 U9/32GB/2TB,1
未匹配: 华为 MateBook X Pro 2024款,砚黑 U7/32GB/1TB,1
未匹配: 华为 MateBook X Pro 2024款,砚黑 U9/32GB/2TB,1
未匹配: 华为 MateBook16s,详规格备注,1
未匹配: 华为 MatePad 11 2023款,8GB+128GB WIFI版 晶钻白,1
未匹配: 华为 MatePad Air 12英寸 2024款,12英寸 烟云灰 WiFi 12GB+512GB 柔光版,1
未匹配: 华为 MatePad Air 12英寸 2024款,12英寸 烟云灰 WiFi 8GB+256GB,3
未匹配: 华为 MatePad Air 12英寸 2024款,12英寸 羽砂白 WiFi 12GB+256GB,1
未匹配: 华为 MatePad Air 12英寸 2024款,12英寸 草木绿 WiFi 12GB+256GB 柔光版,1
未匹配: 华为 MatePad Air 12英寸 2024款平板电脑 2.8K高清大屏,樱语粉,1
未匹配: 华为 MatePad Air 2023款,12GB+256GB WIFI版  曜石黑,2
未匹配: 华为 MatePad Air 2023款,12GB+512GB 全网通版  曜石黑,1
未匹配: 华为 MatePad Air 2023款,8GB+128GB WIFI版  曜石黑,2
未匹配: 华为 MatePad Pro 11英寸 2024款,星河蓝 WiFi 12GB+256GB,1
未匹配: 华为 MatePad Pro 12.2英寸 2024款新款平板电脑,宣白,3
未匹配: 华为 MatePad Pro 12.2英寸 2024款新款平板电脑,砚黑,1
未匹配: 华为 MatePad Pro 12.6英寸,12GB+256GB WIFI版 曜金黑,1
未匹配: 华为 MatePad Pro 12.6英寸,12GB+256GB WIFI版 锦白,1
未匹配: 华为 MatePad Pro 2023款,12GB+256GB WIFI版 13.2英寸 晶钻白,1
未匹配: 华为 MatePad Pro 2023款,12GB+256GB WIFI版 13.2英寸 曜金黑,1
未匹配: 华为 MatePad Pro 2023款,12GB+512GB WIFI版 13.2英寸 晶钻白,1
未匹配: 华为 MatePad Pro 2023款,12GB+512GB WIFI版 13.2英寸 曜金黑,3
未匹配: 华为 MatePad Pro 2023款,12GB+512GB WIFI版 13.2英寸 雅川青,3
未匹配: 华为 MatePad SE 11英寸 2024款,WiFi 8GB+128GB 星海蓝,1
未匹配: 华为 MatePad SE 11英寸 2024款,WiFi 8GB+128GB 活力版 星云灰,4
未匹配: 华为 MatePad SE 11英寸 2024款,WiFi 8GB+256GB 星云灰,2
未匹配: 华为 MatePad SE 2023款,6GB+128GB WIFI版  曜石黑,1
未匹配: 华为 MatePad SE 2023款,8GB+128GB WIFI版  曜石黑,2
未匹配: 华为 Matebook 14,详规格备注,17
未匹配: 华为 MatebookD14,详规格备注,2
未匹配: 华为 MatebookD16,灰色,2
未匹配: 华为 MatebookD16,银色,2
未匹配: 华为 Nova 13,星耀黑 256G,1
未匹配: 华为 Nova 13,羽砂紫 256G,1
未匹配: 华为 Nova 13 Pro,星耀黑 512G,2
未匹配: 华为 Nova 13 Pro,洛登绿 512G,1
未匹配: 华为 Nova 13 Pro,羽砂白 256G,1
未匹配: 华为 Nova 13 Pro,羽砂白 512G,2
未匹配: 华为 Nova 13 Pro,羽砂紫 256G,1
未匹配: 华为 Nova 13 Pro,羽砂紫 512G,1
未匹配: 华为 Pocket 2,12+1T 大溪地灰,1
未匹配: 华为 Pocket 2,大溪地灰 12+256G,2
未匹配: 华为 Pocket 2,大溪地灰 12+512G,2
未匹配: 华为 Pocket 2,洛可可白 12+256G,8
未匹配: 华为 Pocket 2,洛可可白 12+512G,5
未匹配: 华为 Pocket 2,雅黑 12+256G,3
未匹配: 华为 Pocket 2,雅黑 12+512G,1
未匹配: 华为 Pocket2,洛可可白,2
未匹配: 华为 WATCH Buds,黑色真皮表带,3
未匹配: 华为 WATCH GT 3 Pro,黑色陶瓷,1
未匹配: 华为 WATCH GT 5,幻夜黑 氟橡胶表带 46mm,18
未匹配: 华为 WATCH GT 5,托帕蓝 复合编织表带 46mm,5
未匹配: 华为 WATCH GT 5,砂砾棕 复合素皮表带 46mm,6
未匹配: 华为 WATCH GT 5,魅影黑 氟橡胶表带 41mm,5
未匹配: 华为 WATCH GT 5 Pro,曜石黑 氟橡胶表带 46mm,10
未匹配: 华为 WATCH GT 5 Pro,钛空银 钛金属表带 46mm,4
未匹配: 华为 WATCH GT2 Pro, 曜石黑,3
未匹配: 华为 Watch3 Pro,48mm-时尚款 棕色真皮表带,2
未匹配: 华为 Watch3 Pro new,时尚款 棕色真皮表带 钛灰色,1
未匹配: 华为 mate70,曜石黑,5
未匹配: 华为 mate70,雪域白,3
未匹配: 华为 mate70,风信紫,1
未匹配: 华为 mate70Pro,雪域白,1
未匹配: 华为 mate70Pro+,墨韵黑,3
未匹配: 华为 mate70Pro+,金丝银锦,3
未匹配: 华为 nova 12,12号色 512G,1
未匹配: 华为 nova 12,曜金黑 256G,1
未匹配: 华为 nova 12,樱语白,2
未匹配: 华为 nova 12,樱语白 256G,1
未匹配: 华为 nova 12 Pro,曜金黑 512G,1
未匹配: 华为 nova 12 Pro,樱语白 512G,1
未匹配: 华为 nova 12 Pro 高清大屏长续航手机,樱语白,1
未匹配: 华为 nova 12 Ultra,烟云灰 512G,1
未匹配: 华为 nova 12 前置6000款万4K超广角人像,曜金黑,1
未匹配: 华为 nova 12 前置6000款万4K超广角人像,樱语白,1
未匹配: 华为 nova 13,星耀黑,2
未匹配: 华为 nova 13,羽砂白,1
未匹配: 华为 nova 13 Pro,洛登绿,1
未匹配: 华为 nova Flip,256G 樱语粉,5
未匹配: 华为 nova Flip,256G 零度白,3
未匹配: 华为 nova Flip,向新绿 256G,5
未匹配: 华为 nova Flip,向新绿 512G,1
未匹配: 华为 nova Flip,星耀黑 512G,1
未匹配: 华为 nova Flip,樱语粉 512G,6
未匹配: 华为 nova Flip,零度白 512G,4
未匹配: 华为 nova11SE,11号色,1
未匹配: 华为 nova11SE,曜金黑,1
未匹配: 华为 nova11SE,雪域白,1
未匹配: 华为 nova12Pro,12号色,1
未匹配: 华为 nova13 Pro,羽砂白,1
未匹配: 华为 novaFlip,向新绿,2
未匹配: 华为 novaFlip,零度白,4
未匹配: 华为 擎云G540/S540,详规格备注,1
未匹配: 华硕 ROG幻14 Air 2024款,R9-8945HS/16GB/1TB/RTX4050/14英寸/2.8K/120Hz 铂月白,1
未匹配: 华硕 ROG幻14 Air 2024款,R9-8945HS/32GB/1TB/RTX4060/14英寸/2.8K/120Hz 铂月白,1
未匹配: 华硕 ROG幻16 Air 2024款,Ultra 9 185H/32GB/1TB/RTX4060/16英寸/2.5K/240Hz 日蚀灰,1
未匹配: 华硕 ROG幻16 Air 2024款,Ultra 9 185H/32GB/1TB/RTX4070/16英寸/2.5K/240Hz 铂月白,5
未匹配: 华硕 ROG枪神7,i9-13980HX/16G/1T/RTX4070/16英寸 黑色,1
未匹配: 华硕 ROG枪神7 Plus,i9-13980HX/16G/1TBSSD/RTX4070 8G独显/240Hz/2.5K/黑色,1
未匹配: 华硕 ROG魔霸新锐 2024款,i9-13980HX/16G/1T/RTX4060/16英寸 黑色,8
未匹配: 华硕 a豆14 2024款,i5-1335U/16GB/1TB/集显/14英寸 树莓蜜粉,1
未匹配: 华硕 a豆14 2024款,i5-1335U/16GB/1TB/集显/14英寸 香草罗勒,8
未匹配: 华硕 a豆14 2024款,i5-1335U/24GB/1TB/集显/14英寸 栀子幻白,3
未匹配: 华硕 a豆14 Air 2024款,R7-8845H/32GB/1TB/集显/14英寸/2.8K/120Hz 瑰蜜粉金,1
未匹配: 华硕 无畏16 2023款,i5-13500H/16G/512G/锐炬Xe/星辰银,1
未匹配: 华硕 无畏16 2023款,i9-13900H/16G/1TB/锐炬Xe/星辰银,2
未匹配: 华硕 无畏Pro15 2024款,R7-8845H/16G/1T/集显/15.6英寸 银色,1
未匹配: 华硕 无畏Pro15 2024款,Ultra 5 125H/32G/1T/锐炫/15.6英寸 蓝色,1
未匹配: 华硕 无畏Pro15 2024款,Ultra 7 155H/32G/1T/锐炫/15.6英寸 蓝色,1
未匹配: 华硕 无畏Pro15 2024款,Ultra 9 185H/16G/1T/RTX4060/15.6英寸 银色,3
未匹配: 华硕 灵耀14 2024款,Ultra 7 155H/32G/1TB/锐炫/14英寸 冰川银,1
未匹配: 华硕 灵耀14 2024款,Ultra 9 185H/32G/1TB/锐炫/14英寸 冰川银,1
未匹配: 华硕 灵耀14双屏 2024款,Ultra 9 185H/32G/2T/锐炫/14英寸 科技黑,1
未匹配: 华硕 灵耀X13,R7-6600U/16G/512G/集显/13.3英寸 夜蓝,1
未匹配: 华硕a豆14 2022款,i5-12450H/16G/512GSSD/集显 星际银海 14英寸,1
未匹配: 华硕无畏16,R7-5800H/16G/512GSSD/锐炬Xe/银色,3
未匹配: 华硕无畏16,i5-12500H/16G/512GSSD/锐炬Xe/银色,4
未匹配: 华硕无畏16,详规格备注,1
未匹配: 华硕灵耀X13/灵耀13,详规格备注,1
未匹配: 小米  小米 X Flip,12+256G 白色,5
未匹配: 小米  小米 X Flip,12+256G 黑色,2
未匹配: 小米  小米 X Flip,12+512G 白色,2
未匹配: 小米  小米 X Flip,12+512G 黑色,6
未匹配: 小米  小米 X Flip,16+1T 白色,1
未匹配: 小米  小米 X Flip,凤羽纤维 12+256G,3
未匹配: 小米  小米 X Flip,幻影紫 12+256G,9
未匹配: 小米  小米 X Flip,幻影紫 12+512G,3
未匹配: 小米  小米 X Flip,白色,2
未匹配: 小米  小米 X Flip,黑色,1
未匹配: 小米  小米 X Flip 多功能大外屏 徕卡光学专业影像,黑色,1
未匹配: 小米  小米 X Fold4,16+1T 白色,3
未匹配: 小米  小米 X Fold4,16+512G 黑色,1
未匹配: 小米  小米 X Fold4,白色,1
未匹配: 小米  小米 X Fold4,黑色,1
未匹配: 小米  小米 X Fold4,龙胆蓝,2
未匹配: 小米  小米 X Fold4,龙胆蓝 12+256G,1
未匹配: 小米  小米 X Fold4,龙胆蓝 16+512G,1
未匹配: 小米  小米 X Fold4,龙鳞纤维版 12+256G,1
未匹配: 小米  小米 X Fold4,龙鳞纤维版 16+512G,5
未匹配: 小米 15,12+256G 白色,8
未匹配: 小米 15,12+256G 租赁版 黑色,1
未匹配: 小米 15,12+256G 黑色,4
未匹配: 小米 15,12+512G 白色,4
未匹配: 小米 15,12+512G 租赁版 亮银版,1
未匹配: 小米 15,12+512G 黑色,1
未匹配: 小米 15,16+1T 白色,3
未匹配: 小米 15,16+1T 黑色,1
未匹配: 小米 15,16+512G 白色,12
未匹配: 小米 15,16+512G 租赁版 白色,1
未匹配: 小米 15,16+512G 租赁版 黑色,3
未匹配: 小米 15,16+512G 黑色,7
未匹配: 小米 15,丁香紫,12
未匹配: 小米 15,丁香紫 12+256G,2
未匹配: 小米 15,丁香紫 12+512G,2
未匹配: 小米 15,丁香紫 16+1T,1
未匹配: 小米 15,丁香紫 16+512G,2
未匹配: 小米 15,亮银版,2
未匹配: 小米 15,浅草绿,16
未匹配: 小米 15,浅草绿 12+256G,1
未匹配: 小米 15,浅草绿 12+512G,2
未匹配: 小米 15,浅草绿 16+1T,1
未匹配: 小米 15,浅草绿 16+512G,2
未匹配: 小米 15,白色,29
未匹配: 小米 15,黑色,16
未匹配: 小米 15 Pro,12+256G 白色,6
未匹配: 小米 15 Pro,16+1T 白色,13
未匹配: 小米 15 Pro,16+1T 租赁版 云杉绿,1
未匹配: 小米 15 Pro,16+512G 白色,6
未匹配: 小米 15 Pro,16+512G 租赁版 云杉绿,1
未匹配: 小米 15 Pro,16+512G 租赁版 亮银版,2
未匹配: 小米 15 Pro,云杉绿,11
未匹配: 小米 15 Pro,云杉绿 16+1T,3
未匹配: 小米 15 Pro,云杉绿 16+512G,9
未匹配: 小米 15 Pro,亮银版,44
未匹配: 小米 15 Pro,亮银版 16+1T,2
未匹配: 小米 15 Pro,岩石灰,20
未匹配: 小米 15 Pro,岩石灰 12+256G,2
未匹配: 小米 15 Pro,岩石灰 16+1T,4
未匹配: 小米 15 Pro,白色,40
未匹配: 小米 15 Pro 小米 徕卡联合研发 高通骁龙8至尊,云杉绿,3
未匹配: 小米 15 Pro 小米 徕卡联合研发 高通骁龙8至尊,岩石灰,1
未匹配: 小米 15 Pro 小米 徕卡联合研发 高通骁龙8至尊,白色,1
未匹配: 小米 Pad 7,11.2英寸 WiFi 12GB+256GB 柔光版 黑色,1
未匹配: 小米 Pad 7,11.2英寸 天际蓝 WiFi 8GB+128GB,1
未匹配: 小米 Pad 7 Pro,11.2英寸 WiFi 12GB+256GB 黑色,1
未匹配: 小米 Pad 7 Pro,11.2英寸 青衫绿 WiFi 8GB+256GB,1
未匹配: 小米 Watch S4,eSIM版 47mm,1
未匹配: 小米 平板6 2023款,6GB+128GB 11英寸 黑色,1
未匹配: 小米 平板6Pro 2023款,8GB+128GB 11英寸 金色,1
未匹配: 小米 平板6Pro 2023款,8GB+256GB 远山蓝 11英寸,1
未匹配: 小米 手环9 Pro,43mm 黑色,1
未匹配: 小米 红米 K70 Pro,墨羽,2
未匹配: 惠普 星Book 15 2023款,i5-1340P/16G/1TB/锐炬Xe/15.6英寸 银色,2
未匹配: 惠普 星Book Plus 15,i5-1340P/16G/1TB SSD /锐炬/Win11/FHD IPS/100%色域/背光键盘/指纹/蓝色,1
未匹配: 惠普 星Book Pro14,i5-13500H/16G/1TB v3.0 SSD /锐炬/Win11/2.8K 100%色域 /背光键盘/指纹/粉色,1
未匹配: 惠普 星Book Pro14,i7-13700H/16G/1TB v3.0 SSD/锐炬/Win11/2.8K 100%色域 /背光键盘/指纹/银色,1
未匹配: 惠普 星Book Pro14 2024款,微醺粉 Ultra 7 155H/32G/1T/锐炫/14英寸,1
未匹配: 惠普光影精灵9,详规格备注,1
未匹配: 惠普暗影精灵9 2023款,i9-13900HX/16G/1TB固态/RTX4060/16.1英寸/240Hz 陨石黑,1
未匹配: 戴尔 G15 5530款,i7-13650HX/16G/1T/RTX4060/15.6英寸/165Hz 量子黑,1
未匹配: 星Book14 2023款,R5-7520U/16G/512G SSD/锐炬Xe/14英寸 银色,1
未匹配: 星Book14 2023款,i5-1340P/16G/1TB/锐炬Xe/14英寸 银色,1
未匹配: 机械师 曙光16 2023款,i7-13650HX/16G/1T/RTX4060/16英寸/240Hz 灰色,2
未匹配: 机械师 曙光16 Air 2024款,i7-13620H/16G/512G/锐炬/16英寸/120Hz 耀夜灰,2
未匹配: 机械革命 无界14 2023款,R7-7735H/集显/16G/512G/14英寸 银色,1
未匹配: 机械革命 旷世16 Super 2024款,银黑色 i9-14900HX/32G/1T/RTX4080/16英寸,1
未匹配: 机械革命 旷世G15 Pro,i7-13620H/16G/512G/RTX4060/15.6英寸/100%sRGB色域/165Hz 灰色,1
未匹配: 机械革命 旷世G16 Pro,i9-13900HX/RTX4060/16G/1TB/16英寸/QHD100色域/240Hz 灰色,2
未匹配: 机械革命 旷世G16 Pro 2024款,i7-13650HX/16G/1T/RTX4060/16英寸 灰色,4
未匹配: 机械革命 旷世G16 Pro 2024款,i7-14650HX/16G/1T/RTX4060/16英寸 灰色,1
未匹配: 机械革命 极光E,i5-12450H/RTX4050/16G/512G/15.6英寸/FHD100色域/165Hz 灰色,1
未匹配: 机械革命 翼龙15 Pro 2024款,云涧白 R7-8845H/32G/1T/RTX4060/15.3英寸,1
未匹配: 机械革命 翼龙15 Pro 2024款,苍墨绿 R7-8845H/32G/1T/RTX4060/15.3英寸,1
未匹配: 机械革命 耀世15 Pro 2024款,i7-14650HX/32G/1T/RTX4060/15.3英寸 澜海黑,5
未匹配: 机械革命 蛟龙15K,R5-6600H/16G/512G/RTX3050/15.6英寸 灰色,2
未匹配: 机械革命 蛟龙15K,R7-7435H/16G/512G/RTX4050/15.6英寸 灰色,1
未匹配: 机械革命无界14Pro/14X,详规格备注,1
未匹配: 真我 GT7 Pro,光域白 12+512G,1
未匹配: 真我 GT7 Pro,光域白 16+512G,1
未匹配: 真我 GT7 Pro,星迹钛 12+256G,1
未匹配: 真我 GT7 Pro,星迹钛 16+1T,1
未匹配: 真我 GT7 Pro,火星 16+512G,1
未匹配: 真我 Neo7,星舰 12+256G,3
未匹配: 真我 Neo7,星舰 12+512G,2
未匹配: 真我 Neo7,潜航 12+256G,1
未匹配: 真我 Neo7,潜航 16+1T,1
未匹配: 真我 Neo7,潜航 16+512G,1
未匹配: 真我 Neo7,陨石黑 12+256G,1
未匹配: 真我13 Pro+,湖光绿 12+512G,1
未匹配: 真我13 Pro+,莫奈金,1
未匹配: 真我13 Pro+,莫奈金 12+512G,1
未匹配: 真我GT Neo6,流银骑士,1
未匹配: 真我GT Neo6,灵犀紫,1
未匹配: 真我GT Neo6,苍野骇客,2
未匹配: 红米 14C,星岩黑,1
未匹配: 红米 K70,公开版 墨羽 12+256G,1
未匹配: 红米 K80,山峦青 12+512G,1
未匹配: 红米 K80,汐月蓝,2
未匹配: 红米 K80,汐月蓝 12+256G,4
未匹配: 红米 K80,汐月蓝 12+512G,2
未匹配: 红米 K80,汐月蓝 16+512G,2
未匹配: 红米 K80,玄夜黑,5
未匹配: 红米 K80,玄夜黑 12+256G,19
未匹配: 红米 K80,玄夜黑 12+512G,3
未匹配: 红米 K80,玄夜黑 16+1T,2
未匹配: 红米 K80,玄夜黑 16+512G,3
未匹配: 红米 K80,雪岩白,3
未匹配: 红米 K80,雪岩白 12+256G,10
未匹配: 红米 K80,雪岩白 12+512G,3
未匹配: 红米 K80,雪岩白 16+512G,2
未匹配: 红米 K80 Pro,山峦青,1
未匹配: 红米 K80 Pro,山峦青 16+512G,1
未匹配: 红米 K80 Pro,玄夜黑 12+512G,1
未匹配: 红米 K80 Pro,玄夜黑 16+1T,1
未匹配: 红米 K80 Pro,玄夜黑 16+512G,1
未匹配: 红米 K80 Pro,雪岩白 12+512G,1
未匹配: 红米 K80 Pro,雪岩白 16+512G,2
未匹配: 红米 Note14,子夜黑 12+256G,1
未匹配: 红米 Note14,子夜黑 8+256G,1
未匹配: 红米 Note14 Pro,子夜黑 12+256G,1
未匹配: 红米 Note14 Pro,子夜黑 8+256G,1
未匹配: 红米 Note14 Pro,幻影青 12+256G,1
未匹配: 红米 Note14 Pro,幻影青 8+128G,1
未匹配: 红米 Note14 Pro,幻影青 8+256G,1
未匹配: 红米 Note14 Pro,暮光紫 12+256G,1
未匹配: 红米 Note14 Pro,镜瓷白 8+128G,2
未匹配: 红米 Note14 Pro,镜瓷白 8+256G,1
未匹配: 红米 Note14 Pro+,子夜黑 12+256G,4
未匹配: 红米 Note14 Pro+,子夜黑 12+512G,2
未匹配: 红米 Note14 Pro+,子夜黑 16+512G,4
未匹配: 红米 Note14 Pro+,星沙青 12+256G,4
未匹配: 红米 Note14 Pro+,星沙青 12+512G,2
未匹配: 红米 Note14 Pro+,星沙青 16+512G,1
未匹配: 红米 Note14 Pro+,镜瓷白 12+256G,8
未匹配: 红米 Note14 Pro+,镜瓷白 12+512G,1
未匹配: 红米 Note14 Pro+,镜瓷白 16+512G,1
未匹配: 红米 Turbo 4,公开版 暗影黑 16+512G,1
未匹配: 红米 Turbo 4,浅海青 公开版 12+512G,1
未匹配: 红米 Turbo 4,祥云白 公开版 12+256G,4
未匹配: 红米 Turbo 4,祥云白 公开版 12+512G,1
未匹配: 红米 Turbo 4,祥云白 公开版 16+256G,1
未匹配: 红米K70,墨羽,1
未匹配: 红米K70Pro,墨羽,1
未匹配: 红米K70Pro,晴雪,2
未匹配: 苹果 15 ProMax,原色钛金属,44
未匹配: 苹果 15 ProMax,白色钛金属,50
未匹配: 苹果 15 ProMax,蓝色钛金属,4
未匹配: 苹果 15 ProMax,黑色钛金属,67
未匹配: 苹果 15PM,原色钛金属,95
未匹配: 苹果 15PM,白色钛金属,115
未匹配: 苹果 15PM,蓝色钛金属,13
未匹配: 苹果 15PM,黑色钛金属,129
未匹配: 苹果 Apple MacBook Air 2024款年办公游戏剪辑笔记本电脑,午夜色,1
未匹配: 苹果 Apple MacBook Air 2024款年办公游戏剪辑笔记本电脑,深空灰色,1
未匹配: 苹果15,蓝色,2
未匹配: 苹果15,黑色,7
未匹配: 苹果15 Plus,蓝色,2
未匹配: 苹果15 Pro,原色钛金属,15
未匹配: 苹果15 Pro,白色钛金属,14
未匹配: 苹果15 Pro,黑色钛金属,17
未匹配: 苹果15PM手表组合装,原色钛金属,1
未匹配: 苹果15PM手表组合装,白色钛金属,3
未匹配: 荣耀 300,墨岩黑 8+256G,1
未匹配: 荣耀 300,茶卡青 16+512G,1
未匹配: 荣耀 300 Pro,墨岩黑 12+512G,1
未匹配: 荣耀 300 Ultra,山茶白 12+512G,1
未匹配: 荣耀 GT,12+256G 幻影黑,2
未匹配: 荣耀 Magic 7 Pro 5G智能手机 AI高通骁龙8至尊版,绒黑色,1
未匹配: 荣耀 Magic Vs3,绒黑色,1
未匹配: 荣耀 Magic6,海湖青 16+512G 5G全网通,1
未匹配: 荣耀 Magic6,祁连雪 16+512G 5G全网通,1
未匹配: 荣耀 Magic6,祁连雪 5G全网通 12+256G,5
未匹配: 荣耀 Magic6,绒黑色 16+512G 5G全网通,2
未匹配: 荣耀 Magic6,绒黑色 5G全网通 12+256G,1
未匹配: 荣耀 Magic6,麦浪绿 16+512G 5G全网通,1
未匹配: 荣耀 Magic6 5G智能手机 第三代骁龙8芯片,绒黑色,1
未匹配: 荣耀 Magic7,雪域白 12+256G,1
未匹配: 荣耀 Magic7 Pro,月影灰 12+256G,6
未匹配: 荣耀 Magic7 Pro,月影灰 16+1T,5
未匹配: 荣耀 Magic7 Pro,月影灰 16+512G,4
未匹配: 荣耀 Magic7 Pro,绒黑色 12+256G,1
未匹配: 荣耀 Magic7 Pro,绒黑色 16+512G,3
未匹配: 荣耀 Magic7 Pro,雪域白 12+256G,1
未匹配: 荣耀 Magic7 Pro,雪域白 16+1T,2
未匹配: 荣耀 Magic7 Pro,雪域白 16+512G,2
未匹配: 荣耀 Magic7 RSR 保时捷设计,公开版 玛瑙灰 16+512G,1
未匹配: 荣耀 Magic7 RSR 保时捷设计,普罗旺斯紫 公开版 16+512G,1
未匹配: 荣耀 MagicBook Art 14,Ultra 5 125H/32G/1T/锐炫/14.6英寸 日出印象,1
未匹配: 荣耀 MagicBook Art 14,Ultra 7 155H/32G/1T/锐炫/14.6英寸 夏日橄榄,1
未匹配: 荣耀 MagicBook X16 2024款,i5-13500H/16G/1T/集显/16英寸 冰河银,1
未匹配: 荣耀 Play9T,松石绿 8+128G,1
未匹配: 荣耀 X60,典雅黑 12+256G,1
未匹配: 荣耀 X60,月影白 8+128G,2
未匹配: 荣耀 X60,海湖青 12+256G,1
未匹配: 荣耀 X60,海湖青 12+512G,1
未匹配: 荣耀 X60 Pro,典雅黑 12+256G,2
未匹配: 荣耀 X60 Pro,典雅黑 8+128G,1
未匹配: 荣耀 X60 Pro,典雅黑 8+256G,1
未匹配: 荣耀 X60 Pro,天海青 12+256G,1
未匹配: 荣耀 X60 Pro,天海青 12+512G,1
未匹配: 荣耀 X60 Pro,天海青 8+128G,3
未匹配: 荣耀 X60 Pro,天海青 8+256G,1
未匹配: 荣耀 X60 Pro,燃橙色 12+256G,3
未匹配: 荣耀 X60 Pro,燃橙色 8+128G,1
未匹配: 荣耀 X60 Pro,玄武灰 12+256G,3
未匹配: 荣耀 X60 Pro,玄武灰 12+512G,3
未匹配: 荣耀 X60 Pro,玄武灰 8+128G,6
未匹配: 荣耀 X60i,12+512G 幻夜黑,1
未匹配: 荣耀 X60i,8+256G 幻夜黑,1
未匹配: 荣耀 X60i,月影白 8+256G,1
未匹配: 荣耀 X60i,珊瑚紫 12+256G,1
未匹配: 荣耀 X60i,珊瑚紫 8+256G,1
未匹配: 荣耀 平板9,12GB+512GB 天青色,1
未匹配: 荣耀 平板9,8GB+128GB 天青色,1
未匹配: 荣耀 平板9 Pro,12GB+256GB 星空灰,1
未匹配: 荣耀 平板9 Pro,天青色 8GB+256GB,1
未匹配: 荣耀 平板MagicPad2,天海青 16GB+512GB,1
未匹配: 荣耀 平板MagicPad2,月影白 8GB+256GB,4
未匹配: 荣耀 手表 GS4,黑色氟橡胶表带,1
未匹配: 荣耀 手表4,云水蓝,1
未匹配: 荣耀 手表4,晨辉金,1
未匹配: 荣耀 手表4,曜石黑,1
未匹配: 荣耀 手表4 Pro,墨绿色 黑色氟橡胶表带,2
未匹配: 荣耀 手表4 Pro,棕色 黑色氟橡胶表带,1
未匹配: 荣耀 手表4 Pro,黑色氟橡胶表带 黑色,1
未匹配: 荣耀100 Pro,月影白 16+1T,1
未匹配: 荣耀100 Pro,莫奈紫 16+1T,1
未匹配: 荣耀100 Pro,莫奈紫 16+256G,1
未匹配: 荣耀200,天海青 12+512G,1
未匹配: 荣耀200,月影白,2
未匹配: 荣耀200,珊瑚粉,1
未匹配: 荣耀200,绒黑色 12+512G,1
未匹配: 荣耀200,绒黑色 16+512G,1
未匹配: 荣耀300,庐烟紫,1
未匹配: 荣耀300,玉龙雪,1
未匹配: 荣耀300 Pro,墨岩黑,1
未匹配: 荣耀300 Pro,星光沙,1
未匹配: 荣耀90 GT,GT蓝 16+256G,1
未匹配: 荣耀90 GT,GT蓝 24+1T,1
未匹配: 荣耀90 GT,燃速金 12+256G,1
未匹配: 荣耀Magic V Flip,山茶白 12+1T,1
未匹配: 荣耀Magic V Flip,山茶白 12+512G,2
未匹配: 荣耀Magic V Flip,香槟粉 12+1T,1
未匹配: 荣耀Magic V Flip,香槟粉 12+512G,2
未匹配: 荣耀Magic V Flip,鸢尾黑 12+512G,2
未匹配: 荣耀Magic Vs3,绒黑色 12+256G,2
未匹配: 荣耀Magic Vs3,绒黑色 12+512G,1
未匹配: 荣耀Magic6,海湖青,1
未匹配: 荣耀Magic7,天际蓝,3
未匹配: 荣耀Magic7,月影灰,6
未匹配: 荣耀Magic7,朝霞金,3
未匹配: 荣耀Magic7,绒黑色,4
未匹配: 荣耀Magic7,雪域白,1
未匹配: 荣耀Magic7 Pro,天际蓝,4
未匹配: 荣耀Magic7 Pro,月影灰,9
未匹配: 荣耀Magic7 Pro,绒黑色,4
未匹配: 荣耀Magic7 Pro,雪域白,7
未匹配: 荣耀MagicBook X14 Pro 2023款,i5-13500H/16/512G/锐炬Xe/14英寸 冰河银,1
未匹配: 荣耀V Purse,山茶金 16+512G,2
未匹配: 荣耀V Purse,雅黑色 16+512G,1
未匹配: 荣耀X60,海湖青,2
未匹配: 荣耀平板8,4GB+128GB WIFI版 标准版 曙光蓝,1
未匹配: 荣耀平板8,4GB+128GB WIFI版 标准版 薄荷绿,1
未匹配: 荣耀平板V8 Pro,标准版 晴空蓝 8GB+256GB WIFI版,1
未匹配: 荣耀平板X8,6GB+128GB 曙光蓝,1
未匹配: 荣耀平板X8 Pro,8GB+128GB 星空灰,1
未匹配: 荣耀平板X8 Pro,8GB+128GB 珊瑚紫,1
未匹配: 荣耀平板X8 Pro,8GB+256GB 珊瑚紫,1
未匹配: 荣耀畅玩20,原色,1
未匹配: 荣耀畅玩20,粉色,3
未匹配: 荣耀畅玩20,蓝色,1
未匹配: 融租,深空灰,1
未匹配: 资商通,蓝色钛金属,2
未匹配: 酷睿i5/i7 低中高端式电脑主机,主机+显示器 27寸 2K 165HZ,140
未匹配: 酷睿i5/i7 低中高端式电脑主机,主机+显示器 32寸 1K 144HZ,32
未匹配: 酷睿i5/i7 低中高端式电脑主机,单主机,105
未匹配: 酷睿i5/i7 电脑主机,无,1
未匹配: 长租测试商品,白色,1
未匹配: 雷神 911MT 2023款 天行者,猎影灰 i7-13620H/16G/512G/RTX4060/15.6英寸,1
未匹配: 雷神 猎刃15 2024款,i7-13650HX/16G/512G/RTX4050/15.6英寸 灰色,10
未匹配: 雷神 猎刃15 2024款,i7-13650HX/16G/512G/RTX4060/15.6英寸 灰色,16
未匹配: 雷神 猎刃15 2024款,i7-13700HX/16G/512G/RTX4070/15.6英寸/165Hz 灰色,1
未匹配: 雷神 猎刃15 2024款,i9-14900HX/16G/1T/RTX4060/15.6英寸 灰色,2
未匹配: 雷神 猎刃16 2024款,i7-13650HX/16G/512G/RTX4060/16英寸 灰色,1
未匹配: 雷神 猎刃16 2024款,i9-13900HX/16G/1T/RTX4060/16英寸 灰色,2
未匹配: 雷神 猎刃16 2024款,i9-14900HX/16G/1T/RTX4070/16英寸 灰色,2
未匹配: 魅族 21,魅族白 12+256G,1
未匹配: 魅族 21 Pro,16+512G 冰川蓝,2
未匹配: 魅族 21 Pro,星夜黑 12+256G,3
未匹配: 魅族 Lucky 08,星耀白 12+256G,1
未匹配: 魅族 Lucky 08,星耀白 12+512G,1
未匹配: 魅族21,无界黑,3
未匹配: 魅族21,锐意青,1
未匹配: 魅族21,魅族白,1
未匹配: 魅族21 Note,无界黑 16+256G,3
未匹配: 魅族21 Note,无界黑 16+512G,1
未匹配: 魅族21 Note,魅族白 16+256G,7
未匹配: 魅族21 Note,魅族白 16+512G,5
未匹配: 鸭梨手机2,白色,3
机械革命 蛟龙 16 Pro,R7-7745HX/16G/1TB/RTX4060/16英寸/QHD100色域/240Hz 烟灰色,7
机械革命 蛟龙 16 Pro,R7-7745HX/32G/1TB/RTX4060/16英寸/QHD100色域240Hz 烟灰色,1
机械革命 蛟龙 16 Pro,详规格备注,2
红米 K70 至尊版,12+512G 专属版 冰璃蓝,1
红米 K70 至尊版,16+512G 专属版 冰璃蓝,1
红米 K70 至尊版,冰璃蓝 12+256G,19
红米 K70 至尊版,冰璃蓝 12+512G,7
红米 K70 至尊版,冰璃蓝 16+1T,4
红米 K70 至尊版,冰璃蓝 16+512G,7
红米 K70 至尊版,墨羽黑 12+256G,22
红米 K70 至尊版,墨羽黑 12+512G,7
红米 K70 至尊版,墨羽黑 16+1T,10
红米 K70 至尊版,墨羽黑 16+512G,15
红米 K70 至尊版,晴雪白 12+256G,44
红米 K70 至尊版,晴雪白 12+512G,11
红米 K70 至尊版,晴雪白 16+1T,11
红米 K70 至尊版,晴雪白 16+512G,19
红米 Turbo 3,墨晶,3
红米 Turbo 3,镜瓷白,1
红米 Turbo 3,青刃 12+512G,1
红米 Turbo 3,青刃 16+1T,1
红米 k70,16+256G  墨羽,3
红米 k70,墨羽,2
红米 k70,墨羽 12+256G,2
红米 k70,晴雪,1
红米 k70,晴雪 12+256G,6
红米 k70,晴雪 16+512G,3
红米 k70,浅茄紫 16+256G,1
红米 k70Pro,16+256G  晴雪,1
红米 k70Pro,24+1T  墨羽,7
红米 k70Pro,24+1T  晴雪,1
红米 k70Pro,墨羽,1
红米 k70Pro,墨羽 12+256G,4
红米 k70Pro,晴雪,1
红米 k70Pro,晴雪 12+256G,3
红米 k70Pro,晴雪 16+512G,3
红米 k70e,影青 12+256G,3
红米 k70e,晴雪 12+256G,2
红米 k70e,晴雪 12+512G,1
红米 k70pro智能学生电竞游戏手机,晴雪,1
红米 k70至尊版,冰璃蓝,1
红米 k70至尊版,墨羽黑,3
红米 k70至尊版,晴雪白,3
红米 k70高通骁龙8gen2澎湃os,浅茄紫,2
红米 note13,子夜黑,1
红米 note13,时光蓝,2
红米 note13,星沙白,2
红米 note13Pro+,浅梦空间 16+512G,1
红米 note13Pro+,镜瓷白 16+512G,1
红米 note14Pro,暮光紫,1
红米 note14Pro+,镜瓷白,1
红魔9Pro,暗夜骑士 5G全网通  12+512G,2
红魔9Pro,氘锋透明暗夜 5G全网通  12+256G,1
红魔9Pro,氘锋透明银翼 5G全网通  12+256G,3
红魔9Pro,氘锋透明银翼 5G全网通  12+512G,3
红魔9S Pro,暗夜骑士 12+256G,3
红魔9S Pro,暗夜骑士 12+512G,2
红魔9S Pro,氘锋透明暗夜 12+256G,2
红魔9S Pro+,暗夜骑士 16+512G,35
联想 小新 Pad 2024款,6GB+128GB 烟霞紫 11英寸,2
联想 小新 Pad 2024款,6GB+128GB 鸽子灰 11英寸,3
联想 小新 Pad 2024款,8GB+128GB 烟霞紫 11英寸,4
联想 小新 Pad Pro 202025款,大象灰 8GB+128GB,3
联想 小新 Pad Pro 202025款,大象灰 8GB+256GB,1
联想 拯救者r7000款/r7000款p,详规格备注,6
联想 拯救者r7000款2024款,R7-8745H/16G/512G/RTX4050/15.6英寸 钛晶灰,1
联想 拯救者r7000款2024款,R7-8745H/16G/512G/RTX4060/15.6英寸 钛晶灰,9
联想 拯救者r9000款p,详规格备注,10
联想 拯救者r9000款p2023款,R9-7945HX/16G/1T/RTX4060/16英寸 钛晶灰,7
联想 拯救者r9000款p2024款,R9-7945HX/16G/1T/RTX4060/16英寸 冰魄白,12
联想 拯救者r9000款p2024款,R9-7945HX/16G/1T/RTX4060/16英寸 碳晶灰,9
联想 拯救者r9000款p学生电竞游戏,灰色,2
联想 拯救者y7000款/y7000款p,详规格备注,28
联想 拯救者y7000款p,电竞灰,1
联想 拯救者y7000款p2024款,i7-14650HX/16G/1T/RTX4050/16英寸 月蚀灰,26
联想 拯救者y7000款p2024款,i7-14650HX/16G/1T/RTX4060/16英寸 月蚀灰,20
联想 拯救者y7000款p2024款,i7-14700HX/16G/1T/RTX4060/16英寸 月蚀灰,18
联想 拯救者y7000款p2024款,i7-14700HX/16G/1T/RTX4070/16英寸 月蚀灰,19
联想 拯救者y7002款023款,钛晶灰 12GB+256GB,14
联想 拯救者y7002款023款,钛晶灰 16GB+512GB,3
联想 拯救者y700三代游戏平板 2025款,碳晶黑,3
联想 拯救者y9000款p,i9-12900H/16G/512G/RTX3060/16英寸 冰魄白,1
联想 拯救者y9000款p2024款,i9-14900HX/32G/1T/RTX4060/16英寸/AI元启 碳晶灰,29
联想 拯救者y9000款p2024款,i9-14900HX/32G/1T/RTX4070/16英寸/AI元启 碳晶灰,17
联想 拯救者y9000款p2024款,冰魄白 i9-14900HX/32G/1T/RTX4060/16英寸,12
联想 拯救者y9000款p2024款,冰魄白 i9-14900HX/32G/1T/RTX4070/16英寸,2
联想 拯救者y9000款p2024款,碳晶灰 i9-14900HX/16G/1T/RTX4060/16英寸,52
联想 拯救者y9000款p2024款,碳晶灰 i9-14900HX/32G/1T/RTX4060/16英寸,34
联想 拯救者y9000款p?2023款,i9-13900HX/16G/1T/RTX4060/16英寸 钛晶灰,8
联想 拯救者y9000款x2023款,i9-13900H/32G/1T/RTX4060/16英寸 冰魄白,2
联想 拯救者y9000款x2024款,i9-14900HX/32G/1T/RTX4060/16英寸 冰魄白,1
荣耀 Magic6 Pro,16+1T  绒黑色 5G全网通,2
荣耀 Magic6 Pro,流云紫 16+512G 5G全网通,2
荣耀 Magic6 Pro,流云紫 5G全网通 12+256G,1
荣耀 Magic6 Pro,海湖青 16+512G 5G全网通,4
荣耀 Magic6 Pro,海湖青 5G全网通 12+256G,2
荣耀 Magic6 Pro,祁连雪,2
荣耀 Magic6 Pro,祁连雪 16+1T 5G全网通,1
荣耀 Magic6 Pro,祁连雪 16+512G 5G全网通,6
荣耀 Magic6 Pro,祁连雪 5G全网通 12+256G,2
荣耀 Magic6 Pro,绒黑色 16+512G 5G全网通,2
荣耀 Magic6 Pro,绒黑色 5G全网通 12+256G,2
荣耀 Magic6 Pro,青海湖,1
荣耀 Magic6 Pro,麦浪绿 16+512G 5G全网通,3
荣耀200 Pro,天海青 12+256G,1
荣耀200 Pro,天海青 16+1T,1
荣耀200 Pro,天海青 16+512G,6
荣耀200 Pro,月影白 12+256G,1
荣耀200 Pro,月影白 12+512G,3
荣耀200 Pro,月影白 16+1T,2
荣耀200 Pro,月影白 16+512G,1
荣耀200 Pro,珊瑚粉,1
荣耀200 Pro,珊瑚粉 12+256G,1
荣耀200 Pro,珊瑚粉 12+512G,1
荣耀200 Pro,珊瑚粉 16+512G,1
荣耀200 Pro,绒黑色,2
荣耀200 Pro,绒黑色 12+256G,3
荣耀200 Pro,绒黑色 12+512G,2
荣耀200 Pro,绒黑色 16+1T,1
荣耀200 Pro,绒黑色 16+512G,4
荣耀90 Pro,墨玉青,1
荣耀Magic V3,丝路敦煌 16+512G,1
荣耀Magic V3,祁连雪,1
荣耀Magic V3,绒黑色,3
荣耀Magic V3,绒黑色 12+256G,2
荣耀Magic V3,绒黑色 16+512G,8
荣耀Magic V3,苔原绿,2
荣耀Magic V3,苔原绿 12+256G,2
荣耀Magic V3,苔原绿 16+512G,8
荣耀X50,全新  典雅黑  标准版 12GB+256GB,4
荣耀X50,全新  典雅黑  标准版 16GB+512GB,2
荣耀X50,全新  典雅黑  标准版 8GB+128GB,2
荣耀X50,全新  标准版  勃朗蓝 16GB+512GB,1
荣耀X50,全新  标准版  勃朗蓝 8GB+128GB,1
荣耀X50,全新  标准版 12GB+256GB  燃橙色,1
荣耀X50,全新  标准版 8GB+128GB  燃橙色,3
荣耀X50,全新  雨后初晴  标准版 12GB+256GB,4
荣耀X50,全新  雨后初晴  标准版 16GB+512GB,2
荣耀X50,全新  雨后初晴  标准版 8GB+128GB,4
荣耀X50,全新  雨后初晴  标准版 8GB+256GB,2
荣耀X50,全新  雨后初晴 8GB+128GB,1
荣耀X50 GT,16+256G 5G全网通  幻夜黑,2
荣耀X50 GT,5G全网通 12+256G  幻夜黑,1
荣耀X50 GT,幻夜黑,5
荣耀X50 GT,银翼战神,4
荣耀X50 GT,银翼战神 16+1T 5G全网通,2
荣耀X50 GT,银翼战神 16+256G 5G全网通,3
荣耀X50 GT,银翼战神 16+512G 5G全网通,1
荣耀X50 GT,银翼战神 5G全网通 12+256G,5
